Datetime,Aborted_clients,Aborted_connects,Binlog_cache_disk_use,Binlog_cache_use,Binlog_stmt_cache_disk_use,Binlog_stmt_cache_use,Bytes_received,Bytes_sent,Com_admin_commands,Com_assign_to_keycache,Com_alter_db,Com_alter_db_upgrade,Com_alter_event,Com_alter_function,Com_alter_procedure,Com_alter_server,Com_alter_table,Com_alter_tablespace,Com_alter_user,Com_analyze,Com_begin,Com_binlog,Com_call_procedure,Com_change_db,Com_change_master,Com_check,Com_checksum,Com_commit,Com_create_db,Com_create_event,Com_create_function,Com_create_index,Com_create_procedure,Com_create_server,Com_create_table,Com_create_trigger,Com_create_udf,Com_create_user,Com_create_view,Com_dealloc_sql,Com_delete,Com_delete_multi,Com_do,Com_drop_db,Com_drop_event,Com_drop_function,Com_drop_index,Com_drop_procedure,Com_drop_server,Com_drop_table,Com_drop_trigger,Com_drop_user,Com_drop_view,Com_empty_query,Com_execute_sql,Com_flush,Com_get_diagnostics,Com_grant,Com_ha_close,Com_ha_open,Com_ha_read,Com_help,Com_insert,Com_insert_select,Com_install_plugin,Com_kill,Com_load,Com_lock_tables,Com_optimize,Com_preload_keys,Com_prepare_sql,Com_purge,Com_purge_before_date,Com_release_savepoint,Com_rename_table,Com_rename_user,Com_repair,Com_replace,Com_replace_select,Com_reset,Com_resignal,Com_revoke,Com_revoke_all,Com_rollback,Com_rollback_to_savepoint,Com_savepoint,Com_select,Com_set_option,Com_signal,Com_show_binlog_events,Com_show_binlogs,Com_show_charsets,Com_show_collations,Com_show_create_db,Com_show_create_event,Com_show_create_func,Com_show_create_proc,Com_show_create_table,Com_show_create_trigger,Com_show_databases,Com_show_engine_logs,Com_show_engine_mutex,Com_show_engine_status,Com_show_events,Com_show_errors,Com_show_fields,Com_show_function_code,Com_show_function_status,Com_show_grants,Com_show_keys,Com_show_master_status,Com_show_open_tables,Com_show_plugins,Com_show_privileges,Com_show_procedure_code,Com_show_procedure_status,Com_show_processlist,Com_show_profile,Com_show_profiles,Com_show_relaylog_events,Com_show_slave_hosts,Com_show_slave_status,Com_show_status,Com_show_storage_engines,Com_show_table_status,Com_show_tables,Com_show_triggers,Com_show_variables,Com_show_warnings,Com_slave_start,Com_slave_stop,Com_stmt_close,Com_stmt_execute,Com_stmt_fetch,Com_stmt_prepare,Com_stmt_reprepare,Com_stmt_reset,Com_stmt_send_long_data,Com_truncate,Com_uninstall_plugin,Com_unlock_tables,Com_update,Com_update_multi,Com_xa_commit,Com_xa_end,Com_xa_prepare,Com_xa_recover,Com_xa_rollback,Com_xa_start,Compression,Connection_errors_accept,Connection_errors_internal,Connection_errors_max_connections,Connection_errors_peer_address,Connection_errors_select,Connection_errors_tcpwrap,Connections,Created_tmp_disk_tables,Created_tmp_files,Created_tmp_tables,Delayed_errors,Delayed_insert_threads,Delayed_writes,Flush_commands,Handler_commit,Handler_delete,Handler_discover,Handler_external_lock,Handler_mrr_init,Handler_prepare,Handler_read_first,Handler_read_key,Handler_read_last,Handler_read_next,Handler_read_prev,Handler_read_rnd,Handler_read_rnd_next,Handler_rollback,Handler_savepoint,Handler_savepoint_rollback,Handler_update,Handler_write,Innodb_buffer_pool_dump_status,Innodb_buffer_pool_load_status,Innodb_buffer_pool_pages_data,Innodb_buffer_pool_bytes_data,Innodb_buffer_pool_pages_dirty,Innodb_buffer_pool_bytes_dirty,Innodb_buffer_pool_pages_flushed,Innodb_buffer_pool_pages_free,Innodb_buffer_pool_pages_misc,Innodb_buffer_pool_pages_total,Innodb_buffer_pool_read_ahead_rnd,Innodb_buffer_pool_read_ahead,Innodb_buffer_pool_read_ahead_evicted,Innodb_buffer_pool_read_requests,Innodb_buffer_pool_reads,Innodb_buffer_pool_wait_free,Innodb_buffer_pool_write_requests,Innodb_data_fsyncs,Innodb_data_pending_fsyncs,Innodb_data_pending_reads,Innodb_data_pending_writes,Innodb_data_read,Innodb_data_reads,Innodb_data_writes,Innodb_data_written,Innodb_dblwr_pages_written,Innodb_dblwr_writes,Innodb_have_atomic_builtins,Innodb_log_waits,Innodb_log_write_requests,Innodb_log_writes,Innodb_os_log_fsyncs,Innodb_os_log_pending_fsyncs,Innodb_os_log_pending_writes,Innodb_os_log_written,Innodb_page_size,Innodb_pages_created,Innodb_pages_read,Innodb_pages_written,Innodb_row_lock_current_waits,Innodb_row_lock_time,Innodb_row_lock_time_avg,Innodb_row_lock_time_max,Innodb_row_lock_waits,Innodb_rows_deleted,Innodb_rows_inserted,Innodb_rows_read,Innodb_rows_updated,Innodb_num_open_files,Innodb_truncated_status_writes,Innodb_available_undo_logs,Key_blocks_not_flushed,Key_blocks_unused,Key_blocks_used,Key_read_requests,Key_reads,Key_write_requests,Key_writes,Last_query_cost,Last_query_partial_plans,Max_used_connections,Not_flushed_delayed_rows,Open_files,Open_streams,Open_table_definitions,Open_tables,Opened_files,Opened_table_definitions,Opened_tables,Performance_schema_accounts_lost,Performance_schema_cond_classes_lost,Performance_schema_cond_instances_lost,Performance_schema_digest_lost,Performance_schema_file_classes_lost,Performance_schema_file_handles_lost,Performance_schema_file_instances_lost,Performance_schema_hosts_lost,Performance_schema_locker_lost,Performance_schema_mutex_classes_lost,Performance_schema_mutex_instances_lost,Performance_schema_rwlock_classes_lost,Performance_schema_rwlock_instances_lost,Performance_schema_session_connect_attrs_lost,Performance_schema_socket_classes_lost,Performance_schema_socket_instances_lost,Performance_schema_stage_classes_lost,Performance_schema_statement_classes_lost,Performance_schema_table_handles_lost,Performance_schema_table_instances_lost,Performance_schema_thread_classes_lost,Performance_schema_thread_instances_lost,Performance_schema_users_lost,Prepared_stmt_count,Qcache_free_blocks,Qcache_free_memory,Qcache_hits,Qcache_inserts,Qcache_lowmem_prunes,Qcache_not_cached,Qcache_queries_in_cache,Qcache_total_blocks,Queries,Questions,Select_full_join,Select_full_range_join,Select_range,Select_range_check,Select_scan,Slave_heartbeat_period,Slave_last_heartbeat,Slave_open_temp_tables,Slave_received_heartbeats,Slave_retried_transactions,Slave_running,Slow_launch_threads,Slow_queries,Sort_merge_passes,Sort_range,Sort_rows,Sort_scan,Ssl_accept_renegotiates,Ssl_accepts,Ssl_callback_cache_hits,Ssl_cipher,Ssl_cipher_list,Ssl_client_connects,Ssl_connect_renegotiates,Ssl_ctx_verify_depth,Ssl_ctx_verify_mode,Ssl_default_timeout,Ssl_finished_accepts,Ssl_finished_connects,Ssl_server_not_after,Ssl_server_not_before,Ssl_session_cache_hits,Ssl_session_cache_misses,Ssl_session_cache_mode,Ssl_session_cache_overflows,Ssl_session_cache_size,Ssl_session_cache_timeouts,Ssl_sessions_reused,Ssl_used_session_cache_entries,Ssl_verify_depth,Ssl_verify_mode,Ssl_version,Table_locks_immediate,Table_locks_waited,Table_open_cache_hits,Table_open_cache_misses,Table_open_cache_overflows,Tc_log_max_pages_used,Tc_log_page_size,Tc_log_page_waits,Threads_cached,Threads_connected,Threads_created,Threads_running,Uptime,Uptime_since_flush_status
2014-08-18 05:05:59,129,10,0,1,0,7,1842760,707867422,7171,0,0,0,0,0,0,0,0,0,0,0,1,0,0,5,0,0,0,1,0,0,0,0,0,0,0,0,0,0,0,0,0,0,0,0,0,0,0,0,0,0,0,3,0,0,0,1,0,2,0,0,0,2,1,0,0,0,0,0,0,0,0,0,0,0,0,0,0,0,0,0,0,0,0,0,0,0,98,614,0,0,0,0,0,0,0,0,0,8,0,19,0,0,0,0,1,47,0,6,7,22,0,0,1,1,0,6,13,0,0,0,0,1,74071,0,0,32,0,1302,0,0,0,0,0,0,0,0,0,0,0,0,0,1,0,0,0,0,0,0,0,OFF,0,0,0,0,0,0,321,60,6,75525,0,0,0,1,59,2,0,370,0,4,50,581,0,334,0,300,25882183,0,0,0,2,25805839,not started,not started,294,4816896,0,0,5,31704,1,31999,0,0,0,3403,295,0,8,11,0,0,0,8998912,487,13,167424,5,2,ON,0,1,3,6,0,0,2048,16384,0,294,5,0,0,0,0,0,0,1,1587,0,16,0,128,0,6695,3,16,3,9,5,0.000000,0,6,0,29,0,84,76,428,84,83,0,0,0,0,0,0,0,0,0,0,0,0,0,0,0,0,0,0,0,0,0,0,0,0,1,10468296,0,0,0,96,0,1,83617,76445,0,0,0,0,75555,0.000,,0,0,0,OFF,0,0,0,0,379,5,0,0,0,,,0,0,0,0,0,0,0,,,0,0,NONE,0,0,0,0,0,0,0,,185,0,177,83,0,0,0,0,0,6,6,1,618839,618839
2014-08-18 05:05:00,129,10,0,1,0,7,1842809,707890737,7171,0,0,0,0,0,0,0,0,0,0,0,1,0,0,5,0,0,0,1,0,0,0,0,0,0,0,0,0,0,0,0,0,0,0,0,0,0,0,0,0,0,0,3,0,0,0,1,0,2,0,0,0,2,1,0,0,0,0,0,0,0,0,0,0,0,0,0,0,0,0,0,0,0,0,0,0,0,98,614,0,0,0,0,0,0,0,0,0,8,0,19,0,0,0,0,1,47,0,6,7,22,0,0,1,1,0,6,13,0,0,0,0,1,74072,0,0,32,0,1303,0,0,0,0,0,0,0,0,0,0,0,0,0,1,0,0,0,0,0,0,0,OFF,0,0,0,0,0,0,321,60,6,75527,0,0,0,1,59,2,0,370,0,4,50,581,0,334,0,300,25882952,0,0,0,2,25806606,not started,not started,294,4816896,0,0,5,31704,1,31999,0,0,0,3403,295,0,8,11,0,0,0,8998912,487,13,167424,5,2,ON,0,1,3,6,0,0,2048,16384,0,294,5,0,0,0,0,0,0,1,1587,0,16,0,128,0,6695,3,16,3,9,5,0.000000,0,6,0,29,0,84,76,428,84,83,0,0,0,0,0,0,0,0,0,0,0,0,0,0,0,0,0,0,0,0,0,0,0,0,1,10468296,0,0,0,96,0,1,83619,76447,0,0,0,0,75557,0.000,,0,0,0,OFF,0,0,0,0,379,5,0,0,0,,,0,0,0,0,0,0,0,,,0,0,NONE,0,0,0,0,0,0,0,,185,0,177,83,0,0,0,0,0,6,6,1,618840,618840
2014-08-18 05:05:01,129,10,0,1,0,7,1842858,707914052,7171,0,0,0,0,0,0,0,0,0,0,0,1,0,0,5,0,0,0,1,0,0,0,0,0,0,0,0,0,0,0,0,0,0,0,0,0,0,0,0,0,0,0,3,0,0,0,1,0,2,0,0,0,2,1,0,0,0,0,0,0,0,0,0,0,0,0,0,0,0,0,0,0,0,0,0,0,0,98,614,0,0,0,0,0,0,0,0,0,8,0,19,0,0,0,0,1,47,0,6,7,22,0,0,1,1,0,6,13,0,0,0,0,1,74073,0,0,32,0,1304,0,0,0,0,0,0,0,0,0,0,0,0,0,1,0,0,0,0,0,0,0,OFF,0,0,0,0,0,0,321,60,6,75529,0,0,0,1,59,2,0,370,0,4,50,581,0,334,0,300,25883721,0,0,0,2,25807373,not started,not started,294,4816896,0,0,5,31704,1,31999,0,0,0,3403,295,0,8,11,0,0,0,8998912,487,13,167424,5,2,ON,0,1,3,6,0,0,2048,16384,0,294,5,0,0,0,0,0,0,1,1587,0,16,0,128,0,6695,3,16,3,9,5,0.000000,0,6,0,29,0,84,76,428,84,83,0,0,0,0,0,0,0,0,0,0,0,0,0,0,0,0,0,0,0,0,0,0,0,0,1,10468296,0,0,0,96,0,1,83621,76449,0,0,0,0,75559,0.000,,0,0,0,OFF,0,0,0,0,379,5,0,0,0,,,0,0,0,0,0,0,0,,,0,0,NONE,0,0,0,0,0,0,0,,185,0,177,83,0,0,0,0,0,6,6,1,618841,618841
2014-08-18 05:05:02,129,10,0,1,0,7,1842907,707937367,7171,0,0,0,0,0,0,0,0,0,0,0,1,0,0,5,0,0,0,1,0,0,0,0,0,0,0,0,0,0,0,0,0,0,0,0,0,0,0,0,0,0,0,3,0,0,0,1,0,2,0,0,0,2,1,0,0,0,0,0,0,0,0,0,0,0,0,0,0,0,0,0,0,0,0,0,0,0,98,614,0,0,0,0,0,0,0,0,0,8,0,19,0,0,0,0,1,47,0,6,7,22,0,0,1,1,0,6,13,0,0,0,0,1,74074,0,0,32,0,1305,0,0,0,0,0,0,0,0,0,0,0,0,0,1,0,0,0,0,0,0,0,OFF,0,0,0,0,0,0,321,60,6,75531,0,0,0,1,59,2,0,370,0,4,50,581,0,334,0,300,25884490,0,0,0,2,25808140,not started,not started,294,4816896,0,0,5,31704,1,31999,0,0,0,3403,295,0,8,11,0,0,0,8998912,487,13,167424,5,2,ON,0,1,3,6,0,0,2048,16384,0,294,5,0,0,0,0,0,0,1,1587,0,16,0,128,0,6695,3,16,3,9,5,0.000000,0,6,0,29,0,84,76,428,84,83,0,0,0,0,0,0,0,0,0,0,0,0,0,0,0,0,0,0,0,0,0,0,0,0,1,10468296,0,0,0,96,0,1,83623,76451,0,0,0,0,75561,0.000,,0,0,0,OFF,0,0,0,0,379,5,0,0,0,,,0,0,0,0,0,0,0,,,0,0,NONE,0,0,0,0,0,0,0,,185,0,177,83,0,0,0,0,0,6,6,1,618842,618842
2014-08-18 05:05:03,129,10,0,1,0,7,1842956,707960682,7171,0,0,0,0,0,0,0,0,0,0,0,1,0,0,5,0,0,0,1,0,0,0,0,0,0,0,0,0,0,0,0,0,0,0,0,0,0,0,0,0,0,0,3,0,0,0,1,0,2,0,0,0,2,1,0,0,0,0,0,0,0,0,0,0,0,0,0,0,0,0,0,0,0,0,0,0,0,98,614,0,0,0,0,0,0,0,0,0,8,0,19,0,0,0,0,1,47,0,6,7,22,0,0,1,1,0,6,13,0,0,0,0,1,74075,0,0,32,0,1306,0,0,0,0,0,0,0,0,0,0,0,0,0,1,0,0,0,0,0,0,0,OFF,0,0,0,0,0,0,321,60,6,75533,0,0,0,1,59,2,0,370,0,4,50,581,0,334,0,300,25885259,0,0,0,2,25808907,not started,not started,294,4816896,0,0,5,31704,1,31999,0,0,0,3403,295,0,8,11,0,0,0,8998912,487,13,167424,5,2,ON,0,1,3,6,0,0,2048,16384,0,294,5,0,0,0,0,0,0,1,1587,0,16,0,128,0,6695,3,16,3,9,5,0.000000,0,6,0,29,0,84,76,428,84,83,0,0,0,0,0,0,0,0,0,0,0,0,0,0,0,0,0,0,0,0,0,0,0,0,1,10468296,0,0,0,96,0,1,83625,76453,0,0,0,0,75563,0.000,,0,0,0,OFF,0,0,0,0,379,5,0,0,0,,,0,0,0,0,0,0,0,,,0,0,NONE,0,0,0,0,0,0,0,,185,0,177,83,0,0,0,0,0,6,6,1,618843,618843
2014-08-18 05:05:04,129,10,0,1,0,7,1843005,707983997,7171,0,0,0,0,0,0,0,0,0,0,0,1,0,0,5,0,0,0,1,0,0,0,0,0,0,0,0,0,0,0,0,0,0,0,0,0,0,0,0,0,0,0,3,0,0,0,1,0,2,0,0,0,2,1,0,0,0,0,0,0,0,0,0,0,0,0,0,0,0,0,0,0,0,0,0,0,0,98,614,0,0,0,0,0,0,0,0,0,8,0,19,0,0,0,0,1,47,0,6,7,22,0,0,1,1,0,6,13,0,0,0,0,1,74076,0,0,32,0,1307,0,0,0,0,0,0,0,0,0,0,0,0,0,1,0,0,0,0,0,0,0,OFF,0,0,0,0,0,0,321,60,6,75535,0,0,0,1,59,2,0,370,0,4,50,581,0,334,0,300,25886028,0,0,0,2,25809674,not started,not started,294,4816896,0,0,5,31704,1,31999,0,0,0,3403,295,0,8,11,0,0,0,8998912,487,13,167424,5,2,ON,0,1,3,6,0,0,2048,16384,0,294,5,0,0,0,0,0,0,1,1587,0,16,0,128,0,6695,3,16,3,9,5,0.000000,0,6,0,29,0,84,76,428,84,83,0,0,0,0,0,0,0,0,0,0,0,0,0,0,0,0,0,0,0,0,0,0,0,0,1,10468296,0,0,0,96,0,1,83627,76455,0,0,0,0,75565,0.000,,0,0,0,OFF,0,0,0,0,379,5,0,0,0,,,0,0,0,0,0,0,0,,,0,0,NONE,0,0,0,0,0,0,0,,185,0,177,83,0,0,0,0,0,6,6,1,618844,618844
2014-08-18 05:05:05,129,10,0,1,0,7,1843054,708007312,7171,0,0,0,0,0,0,0,0,0,0,0,1,0,0,5,0,0,0,1,0,0,0,0,0,0,0,0,0,0,0,0,0,0,0,0,0,0,0,0,0,0,0,3,0,0,0,1,0,2,0,0,0,2,1,0,0,0,0,0,0,0,0,0,0,0,0,0,0,0,0,0,0,0,0,0,0,0,98,614,0,0,0,0,0,0,0,0,0,8,0,19,0,0,0,0,1,47,0,6,7,22,0,0,1,1,0,6,13,0,0,0,0,1,74077,0,0,32,0,1308,0,0,0,0,0,0,0,0,0,0,0,0,0,1,0,0,0,0,0,0,0,OFF,0,0,0,0,0,0,321,60,6,75537,0,0,0,1,59,2,0,370,0,4,50,581,0,334,0,300,25886797,0,0,0,2,25810441,not started,not started,294,4816896,0,0,5,31704,1,31999,0,0,0,3403,295,0,8,11,0,0,0,8998912,487,13,167424,5,2,ON,0,1,3,6,0,0,2048,16384,0,294,5,0,0,0,0,0,0,1,1587,0,16,0,128,0,6695,3,16,3,9,5,0.000000,0,6,0,29,0,84,76,428,84,83,0,0,0,0,0,0,0,0,0,0,0,0,0,0,0,0,0,0,0,0,0,0,0,0,1,10468296,0,0,0,96,0,1,83629,76457,0,0,0,0,75567,0.000,,0,0,0,OFF,0,0,0,0,379,5,0,0,0,,,0,0,0,0,0,0,0,,,0,0,NONE,0,0,0,0,0,0,0,,185,0,177,83,0,0,0,0,0,6,6,1,618845,618845
2014-08-18 05:05:06,129,10,0,1,0,7,1843103,708030627,7171,0,0,0,0,0,0,0,0,0,0,0,1,0,0,5,0,0,0,1,0,0,0,0,0,0,0,0,0,0,0,0,0,0,0,0,0,0,0,0,0,0,0,3,0,0,0,1,0,2,0,0,0,2,1,0,0,0,0,0,0,0,0,0,0,0,0,0,0,0,0,0,0,0,0,0,0,0,98,614,0,0,0,0,0,0,0,0,0,8,0,19,0,0,0,0,1,47,0,6,7,22,0,0,1,1,0,6,13,0,0,0,0,1,74078,0,0,32,0,1309,0,0,0,0,0,0,0,0,0,0,0,0,0,1,0,0,0,0,0,0,0,OFF,0,0,0,0,0,0,321,60,6,75539,0,0,0,1,59,2,0,370,0,4,50,581,0,334,0,300,25887566,0,0,0,2,25811208,not started,not started,294,4816896,0,0,5,31704,1,31999,0,0,0,3403,295,0,8,11,0,0,0,8998912,487,13,167424,5,2,ON,0,1,3,6,0,0,2048,16384,0,294,5,0,0,0,0,0,0,1,1587,0,16,0,128,0,6695,3,16,3,9,5,0.000000,0,6,0,29,0,84,76,428,84,83,0,0,0,0,0,0,0,0,0,0,0,0,0,0,0,0,0,0,0,0,0,0,0,0,1,10468296,0,0,0,96,0,1,83631,76459,0,0,0,0,75569,0.000,,0,0,0,OFF,0,0,0,0,379,5,0,0,0,,,0,0,0,0,0,0,0,,,0,0,NONE,0,0,0,0,0,0,0,,185,0,177,83,0,0,0,0,0,6,6,1,618846,618846
2014-08-18 05:05:07,129,10,0,1,0,7,1843152,708053942,7171,0,0,0,0,0,0,0,0,0,0,0,1,0,0,5,0,0,0,1,0,0,0,0,0,0,0,0,0,0,0,0,0,0,0,0,0,0,0,0,0,0,0,3,0,0,0,1,0,2,0,0,0,2,1,0,0,0,0,0,0,0,0,0,0,0,0,0,0,0,0,0,0,0,0,0,0,0,98,614,0,0,0,0,0,0,0,0,0,8,0,19,0,0,0,0,1,47,0,6,7,22,0,0,1,1,0,6,13,0,0,0,0,1,74079,0,0,32,0,1310,0,0,0,0,0,0,0,0,0,0,0,0,0,1,0,0,0,0,0,0,0,OFF,0,0,0,0,0,0,321,60,6,75541,0,0,0,1,59,2,0,370,0,4,50,581,0,334,0,300,25888335,0,0,0,2,25811975,not started,not started,294,4816896,0,0,5,31704,1,31999,0,0,0,3403,295,0,8,11,0,0,0,8998912,487,13,167424,5,2,ON,0,1,3,6,0,0,2048,16384,0,294,5,0,0,0,0,0,0,1,1587,0,16,0,128,0,6695,3,16,3,9,5,0.000000,0,6,0,29,0,84,76,428,84,83,0,0,0,0,0,0,0,0,0,0,0,0,0,0,0,0,0,0,0,0,0,0,0,0,1,10468296,0,0,0,96,0,1,83633,76461,0,0,0,0,75571,0.000,,0,0,0,OFF,0,0,0,0,379,5,0,0,0,,,0,0,0,0,0,0,0,,,0,0,NONE,0,0,0,0,0,0,0,,185,0,177,83,0,0,0,0,0,6,6,1,618847,618847
2014-08-18 05:05:08,129,10,0,1,0,7,1843201,708077257,7171,0,0,0,0,0,0,0,0,0,0,0,1,0,0,5,0,0,0,1,0,0,0,0,0,0,0,0,0,0,0,0,0,0,0,0,0,0,0,0,0,0,0,3,0,0,0,1,0,2,0,0,0,2,1,0,0,0,0,0,0,0,0,0,0,0,0,0,0,0,0,0,0,0,0,0,0,0,98,614,0,0,0,0,0,0,0,0,0,8,0,19,0,0,0,0,1,47,0,6,7,22,0,0,1,1,0,6,13,0,0,0,0,1,74080,0,0,32,0,1311,0,0,0,0,0,0,0,0,0,0,0,0,0,1,0,0,0,0,0,0,0,OFF,0,0,0,0,0,0,321,60,6,75543,0,0,0,1,59,2,0,370,0,4,50,581,0,334,0,300,25889104,0,0,0,2,25812742,not started,not started,294,4816896,0,0,5,31704,1,31999,0,0,0,3403,295,0,8,11,0,0,0,8998912,487,13,167424,5,2,ON,0,1,3,6,0,0,2048,16384,0,294,5,0,0,0,0,0,0,1,1587,0,16,0,128,0,6695,3,16,3,9,5,0.000000,0,6,0,29,0,84,76,428,84,83,0,0,0,0,0,0,0,0,0,0,0,0,0,0,0,0,0,0,0,0,0,0,0,0,1,10468296,0,0,0,96,0,1,83635,76463,0,0,0,0,75573,0.000,,0,0,0,OFF,0,0,0,0,379,5,0,0,0,,,0,0,0,0,0,0,0,,,0,0,NONE,0,0,0,0,0,0,0,,185,0,177,83,0,0,0,0,0,6,6,1,618848,618848
2014-08-18 05:05:09,129,10,0,1,0,7,1843250,708100572,7171,0,0,0,0,0,0,0,0,0,0,0,1,0,0,5,0,0,0,1,0,0,0,0,0,0,0,0,0,0,0,0,0,0,0,0,0,0,0,0,0,0,0,3,0,0,0,1,0,2,0,0,0,2,1,0,0,0,0,0,0,0,0,0,0,0,0,0,0,0,0,0,0,0,0,0,0,0,98,614,0,0,0,0,0,0,0,0,0,8,0,19,0,0,0,0,1,47,0,6,7,22,0,0,1,1,0,6,13,0,0,0,0,1,74081,0,0,32,0,1312,0,0,0,0,0,0,0,0,0,0,0,0,0,1,0,0,0,0,0,0,0,OFF,0,0,0,0,0,0,321,60,6,75545,0,0,0,1,59,2,0,370,0,4,50,581,0,334,0,300,25889873,0,0,0,2,25813509,not started,not started,294,4816896,0,0,5,31704,1,31999,0,0,0,3403,295,0,8,11,0,0,0,8998912,487,13,167424,5,2,ON,0,1,3,6,0,0,2048,16384,0,294,5,0,0,0,0,0,0,1,1587,0,16,0,128,0,6695,3,16,3,9,5,0.000000,0,6,0,29,0,84,76,428,84,83,0,0,0,0,0,0,0,0,0,0,0,0,0,0,0,0,0,0,0,0,0,0,0,0,1,10468296,0,0,0,96,0,1,83637,76465,0,0,0,0,75575,0.000,,0,0,0,OFF,0,0,0,0,379,5,0,0,0,,,0,0,0,0,0,0,0,,,0,0,NONE,0,0,0,0,0,0,0,,185,0,177,83,0,0,0,0,0,6,6,1,618849,618849
2014-08-18 05:05:10,129,10,0,1,0,7,1843299,708123887,7171,0,0,0,0,0,0,0,0,0,0,0,1,0,0,5,0,0,0,1,0,0,0,0,0,0,0,0,0,0,0,0,0,0,0,0,0,0,0,0,0,0,0,3,0,0,0,1,0,2,0,0,0,2,1,0,0,0,0,0,0,0,0,0,0,0,0,0,0,0,0,0,0,0,0,0,0,0,98,614,0,0,0,0,0,0,0,0,0,8,0,19,0,0,0,0,1,47,0,6,7,22,0,0,1,1,0,6,13,0,0,0,0,1,74082,0,0,32,0,1313,0,0,0,0,0,0,0,0,0,0,0,0,0,1,0,0,0,0,0,0,0,OFF,0,0,0,0,0,0,321,60,6,75547,0,0,0,1,59,2,0,370,0,4,50,581,0,334,0,300,25890642,0,0,0,2,25814276,not started,not started,294,4816896,0,0,5,31704,1,31999,0,0,0,3403,295,0,8,11,0,0,0,8998912,487,13,167424,5,2,ON,0,1,3,6,0,0,2048,16384,0,294,5,0,0,0,0,0,0,1,1587,0,16,0,128,0,6695,3,16,3,9,5,0.000000,0,6,0,29,0,84,76,428,84,83,0,0,0,0,0,0,0,0,0,0,0,0,0,0,0,0,0,0,0,0,0,0,0,0,1,10468296,0,0,0,96,0,1,83639,76467,0,0,0,0,75577,0.000,,0,0,0,OFF,0,0,0,0,379,5,0,0,0,,,0,0,0,0,0,0,0,,,0,0,NONE,0,0,0,0,0,0,0,,185,0,177,83,0,0,0,0,0,6,6,1,618850,618850
2014-08-18 05:05:11,129,10,0,1,0,7,1843348,708147202,7171,0,0,0,0,0,0,0,0,0,0,0,1,0,0,5,0,0,0,1,0,0,0,0,0,0,0,0,0,0,0,0,0,0,0,0,0,0,0,0,0,0,0,3,0,0,0,1,0,2,0,0,0,2,1,0,0,0,0,0,0,0,0,0,0,0,0,0,0,0,0,0,0,0,0,0,0,0,98,614,0,0,0,0,0,0,0,0,0,8,0,19,0,0,0,0,1,47,0,6,7,22,0,0,1,1,0,6,13,0,0,0,0,1,74083,0,0,32,0,1314,0,0,0,0,0,0,0,0,0,0,0,0,0,1,0,0,0,0,0,0,0,OFF,0,0,0,0,0,0,321,60,6,75549,0,0,0,1,59,2,0,370,0,4,50,581,0,334,0,300,25891411,0,0,0,2,25815043,not started,not started,294,4816896,0,0,5,31704,1,31999,0,0,0,3403,295,0,8,11,0,0,0,8998912,487,13,167424,5,2,ON,0,1,3,6,0,0,2048,16384,0,294,5,0,0,0,0,0,0,1,1587,0,16,0,128,0,6695,3,16,3,9,5,0.000000,0,6,0,29,0,84,76,428,84,83,0,0,0,0,0,0,0,0,0,0,0,0,0,0,0,0,0,0,0,0,0,0,0,0,1,10468296,0,0,0,96,0,1,83641,76469,0,0,0,0,75579,0.000,,0,0,0,OFF,0,0,0,0,379,5,0,0,0,,,0,0,0,0,0,0,0,,,0,0,NONE,0,0,0,0,0,0,0,,185,0,177,83,0,0,0,0,0,6,6,1,618851,618851
2014-08-18 05:05:12,129,10,0,1,0,7,1843397,708170517,7171,0,0,0,0,0,0,0,0,0,0,0,1,0,0,5,0,0,0,1,0,0,0,0,0,0,0,0,0,0,0,0,0,0,0,0,0,0,0,0,0,0,0,3,0,0,0,1,0,2,0,0,0,2,1,0,0,0,0,0,0,0,0,0,0,0,0,0,0,0,0,0,0,0,0,0,0,0,98,614,0,0,0,0,0,0,0,0,0,8,0,19,0,0,0,0,1,47,0,6,7,22,0,0,1,1,0,6,13,0,0,0,0,1,74084,0,0,32,0,1315,0,0,0,0,0,0,0,0,0,0,0,0,0,1,0,0,0,0,0,0,0,OFF,0,0,0,0,0,0,321,60,6,75551,0,0,0,1,59,2,0,370,0,4,50,581,0,334,0,300,25892180,0,0,0,2,25815810,not started,not started,294,4816896,0,0,5,31704,1,31999,0,0,0,3403,295,0,8,11,0,0,0,8998912,487,13,167424,5,2,ON,0,1,3,6,0,0,2048,16384,0,294,5,0,0,0,0,0,0,1,1587,0,16,0,128,0,6695,3,16,3,9,5,0.000000,0,6,0,29,0,84,76,428,84,83,0,0,0,0,0,0,0,0,0,0,0,0,0,0,0,0,0,0,0,0,0,0,0,0,1,10468296,0,0,0,96,0,1,83643,76471,0,0,0,0,75581,0.000,,0,0,0,OFF,0,0,0,0,379,5,0,0,0,,,0,0,0,0,0,0,0,,,0,0,NONE,0,0,0,0,0,0,0,,185,0,177,83,0,0,0,0,0,6,6,1,618852,618852
2014-08-18 05:05:13,129,10,0,1,0,7,1843446,708193832,7171,0,0,0,0,0,0,0,0,0,0,0,1,0,0,5,0,0,0,1,0,0,0,0,0,0,0,0,0,0,0,0,0,0,0,0,0,0,0,0,0,0,0,3,0,0,0,1,0,2,0,0,0,2,1,0,0,0,0,0,0,0,0,0,0,0,0,0,0,0,0,0,0,0,0,0,0,0,98,614,0,0,0,0,0,0,0,0,0,8,0,19,0,0,0,0,1,47,0,6,7,22,0,0,1,1,0,6,13,0,0,0,0,1,74085,0,0,32,0,1316,0,0,0,0,0,0,0,0,0,0,0,0,0,1,0,0,0,0,0,0,0,OFF,0,0,0,0,0,0,321,60,6,75553,0,0,0,1,59,2,0,370,0,4,50,581,0,334,0,300,25892949,0,0,0,2,25816577,not started,not started,294,4816896,0,0,5,31704,1,31999,0,0,0,3403,295,0,8,11,0,0,0,8998912,487,13,167424,5,2,ON,0,1,3,6,0,0,2048,16384,0,294,5,0,0,0,0,0,0,1,1587,0,16,0,128,0,6695,3,16,3,9,5,0.000000,0,6,0,29,0,84,76,428,84,83,0,0,0,0,0,0,0,0,0,0,0,0,0,0,0,0,0,0,0,0,0,0,0,0,1,10468296,0,0,0,96,0,1,83645,76473,0,0,0,0,75583,0.000,,0,0,0,OFF,0,0,0,0,379,5,0,0,0,,,0,0,0,0,0,0,0,,,0,0,NONE,0,0,0,0,0,0,0,,185,0,177,83,0,0,0,0,0,6,6,1,618853,618853
2014-08-18 05:05:14,129,10,0,1,0,7,1843495,708217147,7171,0,0,0,0,0,0,0,0,0,0,0,1,0,0,5,0,0,0,1,0,0,0,0,0,0,0,0,0,0,0,0,0,0,0,0,0,0,0,0,0,0,0,3,0,0,0,1,0,2,0,0,0,2,1,0,0,0,0,0,0,0,0,0,0,0,0,0,0,0,0,0,0,0,0,0,0,0,98,614,0,0,0,0,0,0,0,0,0,8,0,19,0,0,0,0,1,47,0,6,7,22,0,0,1,1,0,6,13,0,0,0,0,1,74086,0,0,32,0,1317,0,0,0,0,0,0,0,0,0,0,0,0,0,1,0,0,0,0,0,0,0,OFF,0,0,0,0,0,0,321,60,6,75555,0,0,0,1,59,2,0,370,0,4,50,581,0,334,0,300,25893718,0,0,0,2,25817344,not started,not started,294,4816896,0,0,5,31704,1,31999,0,0,0,3403,295,0,8,11,0,0,0,8998912,487,13,167424,5,2,ON,0,1,3,6,0,0,2048,16384,0,294,5,0,0,0,0,0,0,1,1587,0,16,0,128,0,6695,3,16,3,9,5,0.000000,0,6,0,29,0,84,76,428,84,83,0,0,0,0,0,0,0,0,0,0,0,0,0,0,0,0,0,0,0,0,0,0,0,0,1,10468296,0,0,0,96,0,1,83647,76475,0,0,0,0,75585,0.000,,0,0,0,OFF,0,0,0,0,379,5,0,0,0,,,0,0,0,0,0,0,0,,,0,0,NONE,0,0,0,0,0,0,0,,185,0,177,83,0,0,0,0,0,6,6,1,618854,618854
2014-08-18 05:05:15,129,10,0,1,0,7,1843544,708240462,7171,0,0,0,0,0,0,0,0,0,0,0,1,0,0,5,0,0,0,1,0,0,0,0,0,0,0,0,0,0,0,0,0,0,0,0,0,0,0,0,0,0,0,3,0,0,0,1,0,2,0,0,0,2,1,0,0,0,0,0,0,0,0,0,0,0,0,0,0,0,0,0,0,0,0,0,0,0,98,614,0,0,0,0,0,0,0,0,0,8,0,19,0,0,0,0,1,47,0,6,7,22,0,0,1,1,0,6,13,0,0,0,0,1,74087,0,0,32,0,1318,0,0,0,0,0,0,0,0,0,0,0,0,0,1,0,0,0,0,0,0,0,OFF,0,0,0,0,0,0,321,60,6,75557,0,0,0,1,59,2,0,370,0,4,50,581,0,334,0,300,25894487,0,0,0,2,25818111,not started,not started,294,4816896,0,0,5,31704,1,31999,0,0,0,3403,295,0,8,11,0,0,0,8998912,487,13,167424,5,2,ON,0,1,3,6,0,0,2048,16384,0,294,5,0,0,0,0,0,0,1,1587,0,16,0,128,0,6695,3,16,3,9,5,0.000000,0,6,0,29,0,84,76,428,84,83,0,0,0,0,0,0,0,0,0,0,0,0,0,0,0,0,0,0,0,0,0,0,0,0,1,10468296,0,0,0,96,0,1,83649,76477,0,0,0,0,75587,0.000,,0,0,0,OFF,0,0,0,0,379,5,0,0,0,,,0,0,0,0,0,0,0,,,0,0,NONE,0,0,0,0,0,0,0,,185,0,177,83,0,0,0,0,0,6,6,1,618855,618855
2014-08-18 05:05:16,129,10,0,1,0,7,1843593,708263777,7171,0,0,0,0,0,0,0,0,0,0,0,1,0,0,5,0,0,0,1,0,0,0,0,0,0,0,0,0,0,0,0,0,0,0,0,0,0,0,0,0,0,0,3,0,0,0,1,0,2,0,0,0,2,1,0,0,0,0,0,0,0,0,0,0,0,0,0,0,0,0,0,0,0,0,0,0,0,98,614,0,0,0,0,0,0,0,0,0,8,0,19,0,0,0,0,1,47,0,6,7,22,0,0,1,1,0,6,13,0,0,0,0,1,74088,0,0,32,0,1319,0,0,0,0,0,0,0,0,0,0,0,0,0,1,0,0,0,0,0,0,0,OFF,0,0,0,0,0,0,321,60,6,75559,0,0,0,1,59,2,0,370,0,4,50,581,0,334,0,300,25895256,0,0,0,2,25818878,not started,not started,294,4816896,0,0,5,31704,1,31999,0,0,0,3403,295,0,8,11,0,0,0,8998912,487,13,167424,5,2,ON,0,1,3,6,0,0,2048,16384,0,294,5,0,0,0,0,0,0,1,1587,0,16,0,128,0,6695,3,16,3,9,5,0.000000,0,6,0,29,0,84,76,428,84,83,0,0,0,0,0,0,0,0,0,0,0,0,0,0,0,0,0,0,0,0,0,0,0,0,1,10468296,0,0,0,96,0,1,83651,76479,0,0,0,0,75589,0.000,,0,0,0,OFF,0,0,0,0,379,5,0,0,0,,,0,0,0,0,0,0,0,,,0,0,NONE,0,0,0,0,0,0,0,,185,0,177,83,0,0,0,0,0,6,6,1,618856,618856
2014-08-18 05:05:17,129,10,0,1,0,7,1843642,708287092,7171,0,0,0,0,0,0,0,0,0,0,0,1,0,0,5,0,0,0,1,0,0,0,0,0,0,0,0,0,0,0,0,0,0,0,0,0,0,0,0,0,0,0,3,0,0,0,1,0,2,0,0,0,2,1,0,0,0,0,0,0,0,0,0,0,0,0,0,0,0,0,0,0,0,0,0,0,0,98,614,0,0,0,0,0,0,0,0,0,8,0,19,0,0,0,0,1,47,0,6,7,22,0,0,1,1,0,6,13,0,0,0,0,1,74089,0,0,32,0,1320,0,0,0,0,0,0,0,0,0,0,0,0,0,1,0,0,0,0,0,0,0,OFF,0,0,0,0,0,0,321,60,6,75561,0,0,0,1,59,2,0,370,0,4,50,581,0,334,0,300,25896025,0,0,0,2,25819645,not started,not started,294,4816896,0,0,5,31704,1,31999,0,0,0,3403,295,0,8,11,0,0,0,8998912,487,13,167424,5,2,ON,0,1,3,6,0,0,2048,16384,0,294,5,0,0,0,0,0,0,1,1587,0,16,0,128,0,6695,3,16,3,9,5,0.000000,0,6,0,29,0,84,76,428,84,83,0,0,0,0,0,0,0,0,0,0,0,0,0,0,0,0,0,0,0,0,0,0,0,0,1,10468296,0,0,0,96,0,1,83653,76481,0,0,0,0,75591,0.000,,0,0,0,OFF,0,0,0,0,379,5,0,0,0,,,0,0,0,0,0,0,0,,,0,0,NONE,0,0,0,0,0,0,0,,185,0,177,83,0,0,0,0,0,6,6,1,618857,618857
2014-08-18 05:05:18,129,10,0,1,0,7,1843691,708310407,7171,0,0,0,0,0,0,0,0,0,0,0,1,0,0,5,0,0,0,1,0,0,0,0,0,0,0,0,0,0,0,0,0,0,0,0,0,0,0,0,0,0,0,3,0,0,0,1,0,2,0,0,0,2,1,0,0,0,0,0,0,0,0,0,0,0,0,0,0,0,0,0,0,0,0,0,0,0,98,614,0,0,0,0,0,0,0,0,0,8,0,19,0,0,0,0,1,47,0,6,7,22,0,0,1,1,0,6,13,0,0,0,0,1,74090,0,0,32,0,1321,0,0,0,0,0,0,0,0,0,0,0,0,0,1,0,0,0,0,0,0,0,OFF,0,0,0,0,0,0,321,60,6,75563,0,0,0,1,59,2,0,370,0,4,50,581,0,334,0,300,25896794,0,0,0,2,25820412,not started,not started,294,4816896,0,0,5,31704,1,31999,0,0,0,3403,295,0,8,11,0,0,0,8998912,487,13,167424,5,2,ON,0,1,3,6,0,0,2048,16384,0,294,5,0,0,0,0,0,0,1,1587,0,16,0,128,0,6695,3,16,3,9,5,0.000000,0,6,0,29,0,84,76,428,84,83,0,0,0,0,0,0,0,0,0,0,0,0,0,0,0,0,0,0,0,0,0,0,0,0,1,10468296,0,0,0,96,0,1,83655,76483,0,0,0,0,75593,0.000,,0,0,0,OFF,0,0,0,0,379,5,0,0,0,,,0,0,0,0,0,0,0,,,0,0,NONE,0,0,0,0,0,0,0,,185,0,177,83,0,0,0,0,0,6,6,1,618858,618858
2014-08-18 05:05:19,129,10,0,1,0,7,1843740,708333722,7171,0,0,0,0,0,0,0,0,0,0,0,1,0,0,5,0,0,0,1,0,0,0,0,0,0,0,0,0,0,0,0,0,0,0,0,0,0,0,0,0,0,0,3,0,0,0,1,0,2,0,0,0,2,1,0,0,0,0,0,0,0,0,0,0,0,0,0,0,0,0,0,0,0,0,0,0,0,98,614,0,0,0,0,0,0,0,0,0,8,0,19,0,0,0,0,1,47,0,6,7,22,0,0,1,1,0,6,13,0,0,0,0,1,74091,0,0,32,0,1322,0,0,0,0,0,0,0,0,0,0,0,0,0,1,0,0,0,0,0,0,0,OFF,0,0,0,0,0,0,321,60,6,75565,0,0,0,1,59,2,0,370,0,4,50,581,0,334,0,300,25897563,0,0,0,2,25821179,not started,not started,294,4816896,0,0,5,31704,1,31999,0,0,0,3403,295,0,8,11,0,0,0,8998912,487,13,167424,5,2,ON,0,1,3,6,0,0,2048,16384,0,294,5,0,0,0,0,0,0,1,1587,0,16,0,128,0,6695,3,16,3,9,5,0.000000,0,6,0,29,0,84,76,428,84,83,0,0,0,0,0,0,0,0,0,0,0,0,0,0,0,0,0,0,0,0,0,0,0,0,1,10468296,0,0,0,96,0,1,83657,76485,0,0,0,0,75595,0.000,,0,0,0,OFF,0,0,0,0,379,5,0,0,0,,,0,0,0,0,0,0,0,,,0,0,NONE,0,0,0,0,0,0,0,,185,0,177,83,0,0,0,0,0,6,6,1,618859,618859
2014-08-18 05:05:20,129,10,0,1,0,7,1843789,708357037,7171,0,0,0,0,0,0,0,0,0,0,0,1,0,0,5,0,0,0,1,0,0,0,0,0,0,0,0,0,0,0,0,0,0,0,0,0,0,0,0,0,0,0,3,0,0,0,1,0,2,0,0,0,2,1,0,0,0,0,0,0,0,0,0,0,0,0,0,0,0,0,0,0,0,0,0,0,0,98,614,0,0,0,0,0,0,0,0,0,8,0,19,0,0,0,0,1,47,0,6,7,22,0,0,1,1,0,6,13,0,0,0,0,1,74092,0,0,32,0,1323,0,0,0,0,0,0,0,0,0,0,0,0,0,1,0,0,0,0,0,0,0,OFF,0,0,0,0,0,0,321,60,6,75567,0,0,0,1,59,2,0,370,0,4,50,581,0,334,0,300,25898332,0,0,0,2,25821946,not started,not started,294,4816896,0,0,5,31704,1,31999,0,0,0,3403,295,0,8,11,0,0,0,8998912,487,13,167424,5,2,ON,0,1,3,6,0,0,2048,16384,0,294,5,0,0,0,0,0,0,1,1587,0,16,0,128,0,6695,3,16,3,9,5,0.000000,0,6,0,29,0,84,76,428,84,83,0,0,0,0,0,0,0,0,0,0,0,0,0,0,0,0,0,0,0,0,0,0,0,0,1,10468296,0,0,0,96,0,1,83659,76487,0,0,0,0,75597,0.000,,0,0,0,OFF,0,0,0,0,379,5,0,0,0,,,0,0,0,0,0,0,0,,,0,0,NONE,0,0,0,0,0,0,0,,185,0,177,83,0,0,0,0,0,6,6,1,618860,618860
2014-08-18 05:05:21,129,10,0,1,0,7,1843848,708380374,7173,0,0,0,0,0,0,0,0,0,0,0,1,0,0,5,0,0,0,1,0,0,0,0,0,0,0,0,0,0,0,0,0,0,0,0,0,0,0,0,0,0,0,3,0,0,0,1,0,2,0,0,0,2,1,0,0,0,0,0,0,0,0,0,0,0,0,0,0,0,0,0,0,0,0,0,0,0,98,614,0,0,0,0,0,0,0,0,0,8,0,19,0,0,0,0,1,47,0,6,7,22,0,0,1,1,0,6,13,0,0,0,0,1,74093,0,0,32,0,1324,0,0,0,0,0,0,0,0,0,0,0,0,0,1,0,0,0,0,0,0,0,OFF,0,0,0,0,0,0,321,60,6,75569,0,0,0,1,59,2,0,370,0,4,50,581,0,334,0,300,25899101,0,0,0,2,25822713,not started,not started,294,4816896,0,0,5,31704,1,31999,0,0,0,3403,295,0,8,11,0,0,0,8998912,487,13,167424,5,2,ON,0,1,3,6,0,0,2048,16384,0,294,5,0,0,0,0,0,0,1,1587,0,16,0,128,0,6695,3,16,3,9,5,0.000000,0,6,0,29,0,84,76,428,84,83,0,0,0,0,0,0,0,0,0,0,0,0,0,0,0,0,0,0,0,0,0,0,0,0,1,10468296,0,0,0,96,0,1,83663,76489,0,0,0,0,75599,0.000,,0,0,0,OFF,0,0,0,0,379,5,0,0,0,,,0,0,0,0,0,0,0,,,0,0,NONE,0,0,0,0,0,0,0,,185,0,177,83,0,0,0,0,0,6,6,1,618861,618861
2014-08-18 05:05:22,129,10,0,1,0,7,1843897,708403689,7173,0,0,0,0,0,0,0,0,0,0,0,1,0,0,5,0,0,0,1,0,0,0,0,0,0,0,0,0,0,0,0,0,0,0,0,0,0,0,0,0,0,0,3,0,0,0,1,0,2,0,0,0,2,1,0,0,0,0,0,0,0,0,0,0,0,0,0,0,0,0,0,0,0,0,0,0,0,98,614,0,0,0,0,0,0,0,0,0,8,0,19,0,0,0,0,1,47,0,6,7,22,0,0,1,1,0,6,13,0,0,0,0,1,74094,0,0,32,0,1325,0,0,0,0,0,0,0,0,0,0,0,0,0,1,0,0,0,0,0,0,0,OFF,0,0,0,0,0,0,321,60,6,75571,0,0,0,1,59,2,0,370,0,4,50,581,0,334,0,300,25899870,0,0,0,2,25823480,not started,not started,294,4816896,0,0,5,31704,1,31999,0,0,0,3403,295,0,8,11,0,0,0,8998912,487,13,167424,5,2,ON,0,1,3,6,0,0,2048,16384,0,294,5,0,0,0,0,0,0,1,1587,0,16,0,128,0,6695,3,16,3,9,5,0.000000,0,6,0,29,0,84,76,428,84,83,0,0,0,0,0,0,0,0,0,0,0,0,0,0,0,0,0,0,0,0,0,0,0,0,1,10468296,0,0,0,96,0,1,83665,76491,0,0,0,0,75601,0.000,,0,0,0,OFF,0,0,0,0,379,5,0,0,0,,,0,0,0,0,0,0,0,,,0,0,NONE,0,0,0,0,0,0,0,,185,0,177,83,0,0,0,0,0,6,6,1,618862,618862
2014-08-18 05:05:23,129,10,0,1,0,7,1843946,708427004,7173,0,0,0,0,0,0,0,0,0,0,0,1,0,0,5,0,0,0,1,0,0,0,0,0,0,0,0,0,0,0,0,0,0,0,0,0,0,0,0,0,0,0,3,0,0,0,1,0,2,0,0,0,2,1,0,0,0,0,0,0,0,0,0,0,0,0,0,0,0,0,0,0,0,0,0,0,0,98,614,0,0,0,0,0,0,0,0,0,8,0,19,0,0,0,0,1,47,0,6,7,22,0,0,1,1,0,6,13,0,0,0,0,1,74095,0,0,32,0,1326,0,0,0,0,0,0,0,0,0,0,0,0,0,1,0,0,0,0,0,0,0,OFF,0,0,0,0,0,0,321,60,6,75573,0,0,0,1,59,2,0,370,0,4,50,581,0,334,0,300,25900639,0,0,0,2,25824247,not started,not started,294,4816896,0,0,5,31704,1,31999,0,0,0,3403,295,0,8,11,0,0,0,8998912,487,13,167424,5,2,ON,0,1,3,6,0,0,2048,16384,0,294,5,0,0,0,0,0,0,1,1587,0,16,0,128,0,6695,3,16,3,9,5,0.000000,0,6,0,29,0,84,76,428,84,83,0,0,0,0,0,0,0,0,0,0,0,0,0,0,0,0,0,0,0,0,0,0,0,0,1,10468296,0,0,0,96,0,1,83667,76493,0,0,0,0,75603,0.000,,0,0,0,OFF,0,0,0,0,379,5,0,0,0,,,0,0,0,0,0,0,0,,,0,0,NONE,0,0,0,0,0,0,0,,185,0,177,83,0,0,0,0,0,6,6,1,618863,618863
2014-08-18 05:05:24,129,10,0,1,0,7,1843995,708450319,7173,0,0,0,0,0,0,0,0,0,0,0,1,0,0,5,0,0,0,1,0,0,0,0,0,0,0,0,0,0,0,0,0,0,0,0,0,0,0,0,0,0,0,3,0,0,0,1,0,2,0,0,0,2,1,0,0,0,0,0,0,0,0,0,0,0,0,0,0,0,0,0,0,0,0,0,0,0,98,614,0,0,0,0,0,0,0,0,0,8,0,19,0,0,0,0,1,47,0,6,7,22,0,0,1,1,0,6,13,0,0,0,0,1,74096,0,0,32,0,1327,0,0,0,0,0,0,0,0,0,0,0,0,0,1,0,0,0,0,0,0,0,OFF,0,0,0,0,0,0,321,60,6,75575,0,0,0,1,59,2,0,370,0,4,50,581,0,334,0,300,25901408,0,0,0,2,25825014,not started,not started,294,4816896,0,0,5,31704,1,31999,0,0,0,3403,295,0,8,11,0,0,0,8998912,487,13,167424,5,2,ON,0,1,3,6,0,0,2048,16384,0,294,5,0,0,0,0,0,0,1,1587,0,16,0,128,0,6695,3,16,3,9,5,0.000000,0,6,0,29,0,84,76,428,84,83,0,0,0,0,0,0,0,0,0,0,0,0,0,0,0,0,0,0,0,0,0,0,0,0,1,10468296,0,0,0,96,0,1,83669,76495,0,0,0,0,75605,0.000,,0,0,0,OFF,0,0,0,0,379,5,0,0,0,,,0,0,0,0,0,0,0,,,0,0,NONE,0,0,0,0,0,0,0,,185,0,177,83,0,0,0,0,0,6,6,1,618864,618864
2014-08-18 05:05:25,129,10,0,1,0,7,1844044,708473634,7173,0,0,0,0,0,0,0,0,0,0,0,1,0,0,5,0,0,0,1,0,0,0,0,0,0,0,0,0,0,0,0,0,0,0,0,0,0,0,0,0,0,0,3,0,0,0,1,0,2,0,0,0,2,1,0,0,0,0,0,0,0,0,0,0,0,0,0,0,0,0,0,0,0,0,0,0,0,98,614,0,0,0,0,0,0,0,0,0,8,0,19,0,0,0,0,1,47,0,6,7,22,0,0,1,1,0,6,13,0,0,0,0,1,74097,0,0,32,0,1328,0,0,0,0,0,0,0,0,0,0,0,0,0,1,0,0,0,0,0,0,0,OFF,0,0,0,0,0,0,321,60,6,75577,0,0,0,1,59,2,0,370,0,4,50,581,0,334,0,300,25902177,0,0,0,2,25825781,not started,not started,294,4816896,0,0,5,31704,1,31999,0,0,0,3403,295,0,8,11,0,0,0,8998912,487,13,167424,5,2,ON,0,1,3,6,0,0,2048,16384,0,294,5,0,0,0,0,0,0,1,1587,0,16,0,128,0,6695,3,16,3,9,5,0.000000,0,6,0,29,0,84,76,428,84,83,0,0,0,0,0,0,0,0,0,0,0,0,0,0,0,0,0,0,0,0,0,0,0,0,1,10468296,0,0,0,96,0,1,83671,76497,0,0,0,0,75607,0.000,,0,0,0,OFF,0,0,0,0,379,5,0,0,0,,,0,0,0,0,0,0,0,,,0,0,NONE,0,0,0,0,0,0,0,,185,0,177,83,0,0,0,0,0,6,6,1,618865,618865
2014-08-18 05:05:26,129,10,0,1,0,7,1844093,708496949,7173,0,0,0,0,0,0,0,0,0,0,0,1,0,0,5,0,0,0,1,0,0,0,0,0,0,0,0,0,0,0,0,0,0,0,0,0,0,0,0,0,0,0,3,0,0,0,1,0,2,0,0,0,2,1,0,0,0,0,0,0,0,0,0,0,0,0,0,0,0,0,0,0,0,0,0,0,0,98,614,0,0,0,0,0,0,0,0,0,8,0,19,0,0,0,0,1,47,0,6,7,22,0,0,1,1,0,6,13,0,0,0,0,1,74098,0,0,32,0,1329,0,0,0,0,0,0,0,0,0,0,0,0,0,1,0,0,0,0,0,0,0,OFF,0,0,0,0,0,0,321,60,6,75579,0,0,0,1,59,2,0,370,0,4,50,581,0,334,0,300,25902946,0,0,0,2,25826548,not started,not started,294,4816896,0,0,5,31704,1,31999,0,0,0,3403,295,0,8,11,0,0,0,8998912,487,13,167424,5,2,ON,0,1,3,6,0,0,2048,16384,0,294,5,0,0,0,0,0,0,1,1587,0,16,0,128,0,6695,3,16,3,9,5,0.000000,0,6,0,29,0,84,76,428,84,83,0,0,0,0,0,0,0,0,0,0,0,0,0,0,0,0,0,0,0,0,0,0,0,0,1,10468296,0,0,0,96,0,1,83673,76499,0,0,0,0,75609,0.000,,0,0,0,OFF,0,0,0,0,379,5,0,0,0,,,0,0,0,0,0,0,0,,,0,0,NONE,0,0,0,0,0,0,0,,185,0,177,83,0,0,0,0,0,6,6,1,618866,618866
2014-08-18 05:05:27,129,10,0,1,0,7,1844142,708520264,7173,0,0,0,0,0,0,0,0,0,0,0,1,0,0,5,0,0,0,1,0,0,0,0,0,0,0,0,0,0,0,0,0,0,0,0,0,0,0,0,0,0,0,3,0,0,0,1,0,2,0,0,0,2,1,0,0,0,0,0,0,0,0,0,0,0,0,0,0,0,0,0,0,0,0,0,0,0,98,614,0,0,0,0,0,0,0,0,0,8,0,19,0,0,0,0,1,47,0,6,7,22,0,0,1,1,0,6,13,0,0,0,0,1,74099,0,0,32,0,1330,0,0,0,0,0,0,0,0,0,0,0,0,0,1,0,0,0,0,0,0,0,OFF,0,0,0,0,0,0,321,60,6,75581,0,0,0,1,59,2,0,370,0,4,50,581,0,334,0,300,25903715,0,0,0,2,25827315,not started,not started,294,4816896,0,0,5,31704,1,31999,0,0,0,3403,295,0,8,11,0,0,0,8998912,487,13,167424,5,2,ON,0,1,3,6,0,0,2048,16384,0,294,5,0,0,0,0,0,0,1,1587,0,16,0,128,0,6695,3,16,3,9,5,0.000000,0,6,0,29,0,84,76,428,84,83,0,0,0,0,0,0,0,0,0,0,0,0,0,0,0,0,0,0,0,0,0,0,0,0,1,10468296,0,0,0,96,0,1,83675,76501,0,0,0,0,75611,0.000,,0,0,0,OFF,0,0,0,0,379,5,0,0,0,,,0,0,0,0,0,0,0,,,0,0,NONE,0,0,0,0,0,0,0,,185,0,177,83,0,0,0,0,0,6,6,1,618867,618867
2014-08-18 05:05:28,129,10,0,1,0,7,1844191,708543579,7173,0,0,0,0,0,0,0,0,0,0,0,1,0,0,5,0,0,0,1,0,0,0,0,0,0,0,0,0,0,0,0,0,0,0,0,0,0,0,0,0,0,0,3,0,0,0,1,0,2,0,0,0,2,1,0,0,0,0,0,0,0,0,0,0,0,0,0,0,0,0,0,0,0,0,0,0,0,98,614,0,0,0,0,0,0,0,0,0,8,0,19,0,0,0,0,1,47,0,6,7,22,0,0,1,1,0,6,13,0,0,0,0,1,74100,0,0,32,0,1331,0,0,0,0,0,0,0,0,0,0,0,0,0,1,0,0,0,0,0,0,0,OFF,0,0,0,0,0,0,321,60,6,75583,0,0,0,1,59,2,0,370,0,4,50,581,0,334,0,300,25904484,0,0,0,2,25828082,not started,not started,294,4816896,0,0,5,31704,1,31999,0,0,0,3403,295,0,8,11,0,0,0,8998912,487,13,167424,5,2,ON,0,1,3,6,0,0,2048,16384,0,294,5,0,0,0,0,0,0,1,1587,0,16,0,128,0,6695,3,16,3,9,5,0.000000,0,6,0,29,0,84,76,428,84,83,0,0,0,0,0,0,0,0,0,0,0,0,0,0,0,0,0,0,0,0,0,0,0,0,1,10468296,0,0,0,96,0,1,83677,76503,0,0,0,0,75613,0.000,,0,0,0,OFF,0,0,0,0,379,5,0,0,0,,,0,0,0,0,0,0,0,,,0,0,NONE,0,0,0,0,0,0,0,,185,0,177,83,0,0,0,0,0,6,6,1,618868,618868
2014-08-18 05:05:29,129,10,0,1,0,7,1844240,708566894,7173,0,0,0,0,0,0,0,0,0,0,0,1,0,0,5,0,0,0,1,0,0,0,0,0,0,0,0,0,0,0,0,0,0,0,0,0,0,0,0,0,0,0,3,0,0,0,1,0,2,0,0,0,2,1,0,0,0,0,0,0,0,0,0,0,0,0,0,0,0,0,0,0,0,0,0,0,0,98,614,0,0,0,0,0,0,0,0,0,8,0,19,0,0,0,0,1,47,0,6,7,22,0,0,1,1,0,6,13,0,0,0,0,1,74101,0,0,32,0,1332,0,0,0,0,0,0,0,0,0,0,0,0,0,1,0,0,0,0,0,0,0,OFF,0,0,0,0,0,0,321,60,6,75585,0,0,0,1,59,2,0,370,0,4,50,581,0,334,0,300,25905253,0,0,0,2,25828849,not started,not started,294,4816896,0,0,5,31704,1,31999,0,0,0,3403,295,0,8,11,0,0,0,8998912,487,13,167424,5,2,ON,0,1,3,6,0,0,2048,16384,0,294,5,0,0,0,0,0,0,1,1587,0,16,0,128,0,6695,3,16,3,9,5,0.000000,0,6,0,29,0,84,76,428,84,83,0,0,0,0,0,0,0,0,0,0,0,0,0,0,0,0,0,0,0,0,0,0,0,0,1,10468296,0,0,0,96,0,1,83679,76505,0,0,0,0,75615,0.000,,0,0,0,OFF,0,0,0,0,379,5,0,0,0,,,0,0,0,0,0,0,0,,,0,0,NONE,0,0,0,0,0,0,0,,185,0,177,83,0,0,0,0,0,6,6,1,618869,618869
2014-08-18 05:05:30,129,10,0,1,0,7,1844289,708590209,7173,0,0,0,0,0,0,0,0,0,0,0,1,0,0,5,0,0,0,1,0,0,0,0,0,0,0,0,0,0,0,0,0,0,0,0,0,0,0,0,0,0,0,3,0,0,0,1,0,2,0,0,0,2,1,0,0,0,0,0,0,0,0,0,0,0,0,0,0,0,0,0,0,0,0,0,0,0,98,614,0,0,0,0,0,0,0,0,0,8,0,19,0,0,0,0,1,47,0,6,7,22,0,0,1,1,0,6,13,0,0,0,0,1,74102,0,0,32,0,1333,0,0,0,0,0,0,0,0,0,0,0,0,0,1,0,0,0,0,0,0,0,OFF,0,0,0,0,0,0,321,60,6,75587,0,0,0,1,59,2,0,370,0,4,50,581,0,334,0,300,25906022,0,0,0,2,25829616,not started,not started,294,4816896,0,0,5,31704,1,31999,0,0,0,3403,295,0,8,11,0,0,0,8998912,487,13,167424,5,2,ON,0,1,3,6,0,0,2048,16384,0,294,5,0,0,0,0,0,0,1,1587,0,16,0,128,0,6695,3,16,3,9,5,0.000000,0,6,0,29,0,84,76,428,84,83,0,0,0,0,0,0,0,0,0,0,0,0,0,0,0,0,0,0,0,0,0,0,0,0,1,10468296,0,0,0,96,0,1,83681,76507,0,0,0,0,75617,0.000,,0,0,0,OFF,0,0,0,0,379,5,0,0,0,,,0,0,0,0,0,0,0,,,0,0,NONE,0,0,0,0,0,0,0,,185,0,177,83,0,0,0,0,0,6,6,1,618870,618870
2014-08-18 05:05:31,129,10,0,1,0,7,1844338,708613524,7173,0,0,0,0,0,0,0,0,0,0,0,1,0,0,5,0,0,0,1,0,0,0,0,0,0,0,0,0,0,0,0,0,0,0,0,0,0,0,0,0,0,0,3,0,0,0,1,0,2,0,0,0,2,1,0,0,0,0,0,0,0,0,0,0,0,0,0,0,0,0,0,0,0,0,0,0,0,98,614,0,0,0,0,0,0,0,0,0,8,0,19,0,0,0,0,1,47,0,6,7,22,0,0,1,1,0,6,13,0,0,0,0,1,74103,0,0,32,0,1334,0,0,0,0,0,0,0,0,0,0,0,0,0,1,0,0,0,0,0,0,0,OFF,0,0,0,0,0,0,321,60,6,75589,0,0,0,1,59,2,0,370,0,4,50,581,0,334,0,300,25906791,0,0,0,2,25830383,not started,not started,294,4816896,0,0,5,31704,1,31999,0,0,0,3403,295,0,8,11,0,0,0,8998912,487,13,167424,5,2,ON,0,1,3,6,0,0,2048,16384,0,294,5,0,0,0,0,0,0,1,1587,0,16,0,128,0,6695,3,16,3,9,5,0.000000,0,6,0,29,0,84,76,428,84,83,0,0,0,0,0,0,0,0,0,0,0,0,0,0,0,0,0,0,0,0,0,0,0,0,1,10468296,0,0,0,96,0,1,83683,76509,0,0,0,0,75619,0.000,,0,0,0,OFF,0,0,0,0,379,5,0,0,0,,,0,0,0,0,0,0,0,,,0,0,NONE,0,0,0,0,0,0,0,,185,0,177,83,0,0,0,0,0,6,6,1,618871,618871
2014-08-18 05:05:32,129,10,0,1,0,7,1844387,708636839,7173,0,0,0,0,0,0,0,0,0,0,0,1,0,0,5,0,0,0,1,0,0,0,0,0,0,0,0,0,0,0,0,0,0,0,0,0,0,0,0,0,0,0,3,0,0,0,1,0,2,0,0,0,2,1,0,0,0,0,0,0,0,0,0,0,0,0,0,0,0,0,0,0,0,0,0,0,0,98,614,0,0,0,0,0,0,0,0,0,8,0,19,0,0,0,0,1,47,0,6,7,22,0,0,1,1,0,6,13,0,0,0,0,1,74104,0,0,32,0,1335,0,0,0,0,0,0,0,0,0,0,0,0,0,1,0,0,0,0,0,0,0,OFF,0,0,0,0,0,0,321,60,6,75591,0,0,0,1,59,2,0,370,0,4,50,581,0,334,0,300,25907560,0,0,0,2,25831150,not started,not started,294,4816896,0,0,5,31704,1,31999,0,0,0,3403,295,0,8,11,0,0,0,8998912,487,13,167424,5,2,ON,0,1,3,6,0,0,2048,16384,0,294,5,0,0,0,0,0,0,1,1587,0,16,0,128,0,6695,3,16,3,9,5,0.000000,0,6,0,29,0,84,76,428,84,83,0,0,0,0,0,0,0,0,0,0,0,0,0,0,0,0,0,0,0,0,0,0,0,0,1,10468296,0,0,0,96,0,1,83685,76511,0,0,0,0,75621,0.000,,0,0,0,OFF,0,0,0,0,379,5,0,0,0,,,0,0,0,0,0,0,0,,,0,0,NONE,0,0,0,0,0,0,0,,185,0,177,83,0,0,0,0,0,6,6,1,618872,618872
2014-08-18 05:05:33,129,10,0,1,0,7,1844436,708660154,7173,0,0,0,0,0,0,0,0,0,0,0,1,0,0,5,0,0,0,1,0,0,0,0,0,0,0,0,0,0,0,0,0,0,0,0,0,0,0,0,0,0,0,3,0,0,0,1,0,2,0,0,0,2,1,0,0,0,0,0,0,0,0,0,0,0,0,0,0,0,0,0,0,0,0,0,0,0,98,614,0,0,0,0,0,0,0,0,0,8,0,19,0,0,0,0,1,47,0,6,7,22,0,0,1,1,0,6,13,0,0,0,0,1,74105,0,0,32,0,1336,0,0,0,0,0,0,0,0,0,0,0,0,0,1,0,0,0,0,0,0,0,OFF,0,0,0,0,0,0,321,60,6,75593,0,0,0,1,59,2,0,370,0,4,50,581,0,334,0,300,25908329,0,0,0,2,25831917,not started,not started,294,4816896,0,0,5,31704,1,31999,0,0,0,3403,295,0,8,11,0,0,0,8998912,487,13,167424,5,2,ON,0,1,3,6,0,0,2048,16384,0,294,5,0,0,0,0,0,0,1,1587,0,16,0,128,0,6695,3,16,3,9,5,0.000000,0,6,0,29,0,84,76,428,84,83,0,0,0,0,0,0,0,0,0,0,0,0,0,0,0,0,0,0,0,0,0,0,0,0,1,10468296,0,0,0,96,0,1,83687,76513,0,0,0,0,75623,0.000,,0,0,0,OFF,0,0,0,0,379,5,0,0,0,,,0,0,0,0,0,0,0,,,0,0,NONE,0,0,0,0,0,0,0,,185,0,177,83,0,0,0,0,0,6,6,1,618873,618873
2014-08-18 05:05:34,129,10,0,1,0,7,1844485,708683469,7173,0,0,0,0,0,0,0,0,0,0,0,1,0,0,5,0,0,0,1,0,0,0,0,0,0,0,0,0,0,0,0,0,0,0,0,0,0,0,0,0,0,0,3,0,0,0,1,0,2,0,0,0,2,1,0,0,0,0,0,0,0,0,0,0,0,0,0,0,0,0,0,0,0,0,0,0,0,98,614,0,0,0,0,0,0,0,0,0,8,0,19,0,0,0,0,1,47,0,6,7,22,0,0,1,1,0,6,13,0,0,0,0,1,74106,0,0,32,0,1337,0,0,0,0,0,0,0,0,0,0,0,0,0,1,0,0,0,0,0,0,0,OFF,0,0,0,0,0,0,321,60,6,75595,0,0,0,1,59,2,0,370,0,4,50,581,0,334,0,300,25909098,0,0,0,2,25832684,not started,not started,294,4816896,0,0,5,31704,1,31999,0,0,0,3403,295,0,8,11,0,0,0,8998912,487,13,167424,5,2,ON,0,1,3,6,0,0,2048,16384,0,294,5,0,0,0,0,0,0,1,1587,0,16,0,128,0,6695,3,16,3,9,5,0.000000,0,6,0,29,0,84,76,428,84,83,0,0,0,0,0,0,0,0,0,0,0,0,0,0,0,0,0,0,0,0,0,0,0,0,1,10468296,0,0,0,96,0,1,83689,76515,0,0,0,0,75625,0.000,,0,0,0,OFF,0,0,0,0,379,5,0,0,0,,,0,0,0,0,0,0,0,,,0,0,NONE,0,0,0,0,0,0,0,,185,0,177,83,0,0,0,0,0,6,6,1,618874,618874
2014-08-18 05:05:35,129,10,0,1,0,7,1844534,708706784,7173,0,0,0,0,0,0,0,0,0,0,0,1,0,0,5,0,0,0,1,0,0,0,0,0,0,0,0,0,0,0,0,0,0,0,0,0,0,0,0,0,0,0,3,0,0,0,1,0,2,0,0,0,2,1,0,0,0,0,0,0,0,0,0,0,0,0,0,0,0,0,0,0,0,0,0,0,0,98,614,0,0,0,0,0,0,0,0,0,8,0,19,0,0,0,0,1,47,0,6,7,22,0,0,1,1,0,6,13,0,0,0,0,1,74107,0,0,32,0,1338,0,0,0,0,0,0,0,0,0,0,0,0,0,1,0,0,0,0,0,0,0,OFF,0,0,0,0,0,0,321,60,6,75597,0,0,0,1,59,2,0,370,0,4,50,581,0,334,0,300,25909867,0,0,0,2,25833451,not started,not started,294,4816896,0,0,5,31704,1,31999,0,0,0,3403,295,0,8,11,0,0,0,8998912,487,13,167424,5,2,ON,0,1,3,6,0,0,2048,16384,0,294,5,0,0,0,0,0,0,1,1587,0,16,0,128,0,6695,3,16,3,9,5,0.000000,0,6,0,29,0,84,76,428,84,83,0,0,0,0,0,0,0,0,0,0,0,0,0,0,0,0,0,0,0,0,0,0,0,0,1,10468296,0,0,0,96,0,1,83691,76517,0,0,0,0,75627,0.000,,0,0,0,OFF,0,0,0,0,379,5,0,0,0,,,0,0,0,0,0,0,0,,,0,0,NONE,0,0,0,0,0,0,0,,185,0,177,83,0,0,0,0,0,6,6,1,618875,618875
2014-08-18 05:05:36,129,10,0,1,0,7,1844583,708730099,7173,0,0,0,0,0,0,0,0,0,0,0,1,0,0,5,0,0,0,1,0,0,0,0,0,0,0,0,0,0,0,0,0,0,0,0,0,0,0,0,0,0,0,3,0,0,0,1,0,2,0,0,0,2,1,0,0,0,0,0,0,0,0,0,0,0,0,0,0,0,0,0,0,0,0,0,0,0,98,614,0,0,0,0,0,0,0,0,0,8,0,19,0,0,0,0,1,47,0,6,7,22,0,0,1,1,0,6,13,0,0,0,0,1,74108,0,0,32,0,1339,0,0,0,0,0,0,0,0,0,0,0,0,0,1,0,0,0,0,0,0,0,OFF,0,0,0,0,0,0,321,60,6,75599,0,0,0,1,59,2,0,370,0,4,50,581,0,334,0,300,25910636,0,0,0,2,25834218,not started,not started,294,4816896,0,0,5,31704,1,31999,0,0,0,3403,295,0,8,11,0,0,0,8998912,487,13,167424,5,2,ON,0,1,3,6,0,0,2048,16384,0,294,5,0,0,0,0,0,0,1,1587,0,16,0,128,0,6695,3,16,3,9,5,0.000000,0,6,0,29,0,84,76,428,84,83,0,0,0,0,0,0,0,0,0,0,0,0,0,0,0,0,0,0,0,0,0,0,0,0,1,10468296,0,0,0,96,0,1,83693,76519,0,0,0,0,75629,0.000,,0,0,0,OFF,0,0,0,0,379,5,0,0,0,,,0,0,0,0,0,0,0,,,0,0,NONE,0,0,0,0,0,0,0,,185,0,177,83,0,0,0,0,0,6,6,1,618876,618876
2014-08-18 05:05:37,129,10,0,1,0,7,1844632,708753414,7173,0,0,0,0,0,0,0,0,0,0,0,1,0,0,5,0,0,0,1,0,0,0,0,0,0,0,0,0,0,0,0,0,0,0,0,0,0,0,0,0,0,0,3,0,0,0,1,0,2,0,0,0,2,1,0,0,0,0,0,0,0,0,0,0,0,0,0,0,0,0,0,0,0,0,0,0,0,98,614,0,0,0,0,0,0,0,0,0,8,0,19,0,0,0,0,1,47,0,6,7,22,0,0,1,1,0,6,13,0,0,0,0,1,74109,0,0,32,0,1340,0,0,0,0,0,0,0,0,0,0,0,0,0,1,0,0,0,0,0,0,0,OFF,0,0,0,0,0,0,321,60,6,75601,0,0,0,1,59,2,0,370,0,4,50,581,0,334,0,300,25911405,0,0,0,2,25834985,not started,not started,294,4816896,0,0,5,31704,1,31999,0,0,0,3403,295,0,8,11,0,0,0,8998912,487,13,167424,5,2,ON,0,1,3,6,0,0,2048,16384,0,294,5,0,0,0,0,0,0,1,1587,0,16,0,128,0,6695,3,16,3,9,5,0.000000,0,6,0,29,0,84,76,428,84,83,0,0,0,0,0,0,0,0,0,0,0,0,0,0,0,0,0,0,0,0,0,0,0,0,1,10468296,0,0,0,96,0,1,83695,76521,0,0,0,0,75631,0.000,,0,0,0,OFF,0,0,0,0,379,5,0,0,0,,,0,0,0,0,0,0,0,,,0,0,NONE,0,0,0,0,0,0,0,,185,0,177,83,0,0,0,0,0,6,6,1,618877,618877
2014-08-18 05:05:38,129,10,0,1,0,7,1844681,708776729,7173,0,0,0,0,0,0,0,0,0,0,0,1,0,0,5,0,0,0,1,0,0,0,0,0,0,0,0,0,0,0,0,0,0,0,0,0,0,0,0,0,0,0,3,0,0,0,1,0,2,0,0,0,2,1,0,0,0,0,0,0,0,0,0,0,0,0,0,0,0,0,0,0,0,0,0,0,0,98,614,0,0,0,0,0,0,0,0,0,8,0,19,0,0,0,0,1,47,0,6,7,22,0,0,1,1,0,6,13,0,0,0,0,1,74110,0,0,32,0,1341,0,0,0,0,0,0,0,0,0,0,0,0,0,1,0,0,0,0,0,0,0,OFF,0,0,0,0,0,0,321,60,6,75603,0,0,0,1,59,2,0,370,0,4,50,581,0,334,0,300,25912174,0,0,0,2,25835752,not started,not started,294,4816896,0,0,5,31704,1,31999,0,0,0,3403,295,0,8,11,0,0,0,8998912,487,13,167424,5,2,ON,0,1,3,6,0,0,2048,16384,0,294,5,0,0,0,0,0,0,1,1587,0,16,0,128,0,6695,3,16,3,9,5,0.000000,0,6,0,29,0,84,76,428,84,83,0,0,0,0,0,0,0,0,0,0,0,0,0,0,0,0,0,0,0,0,0,0,0,0,1,10468296,0,0,0,96,0,1,83697,76523,0,0,0,0,75633,0.000,,0,0,0,OFF,0,0,0,0,379,5,0,0,0,,,0,0,0,0,0,0,0,,,0,0,NONE,0,0,0,0,0,0,0,,185,0,177,83,0,0,0,0,0,6,6,1,618878,618878
2014-08-18 05:05:39,129,10,0,1,0,7,1844730,708800044,7173,0,0,0,0,0,0,0,0,0,0,0,1,0,0,5,0,0,0,1,0,0,0,0,0,0,0,0,0,0,0,0,0,0,0,0,0,0,0,0,0,0,0,3,0,0,0,1,0,2,0,0,0,2,1,0,0,0,0,0,0,0,0,0,0,0,0,0,0,0,0,0,0,0,0,0,0,0,98,614,0,0,0,0,0,0,0,0,0,8,0,19,0,0,0,0,1,47,0,6,7,22,0,0,1,1,0,6,13,0,0,0,0,1,74111,0,0,32,0,1342,0,0,0,0,0,0,0,0,0,0,0,0,0,1,0,0,0,0,0,0,0,OFF,0,0,0,0,0,0,321,60,6,75605,0,0,0,1,59,2,0,370,0,4,50,581,0,334,0,300,25912943,0,0,0,2,25836519,not started,not started,294,4816896,0,0,5,31704,1,31999,0,0,0,3403,295,0,8,11,0,0,0,8998912,487,13,167424,5,2,ON,0,1,3,6,0,0,2048,16384,0,294,5,0,0,0,0,0,0,1,1587,0,16,0,128,0,6695,3,16,3,9,5,0.000000,0,6,0,29,0,84,76,428,84,83,0,0,0,0,0,0,0,0,0,0,0,0,0,0,0,0,0,0,0,0,0,0,0,0,1,10468296,0,0,0,96,0,1,83699,76525,0,0,0,0,75635,0.000,,0,0,0,OFF,0,0,0,0,379,5,0,0,0,,,0,0,0,0,0,0,0,,,0,0,NONE,0,0,0,0,0,0,0,,185,0,177,83,0,0,0,0,0,6,6,1,618879,618879
2014-08-18 05:05:40,129,10,0,1,0,7,1844779,708823359,7173,0,0,0,0,0,0,0,0,0,0,0,1,0,0,5,0,0,0,1,0,0,0,0,0,0,0,0,0,0,0,0,0,0,0,0,0,0,0,0,0,0,0,3,0,0,0,1,0,2,0,0,0,2,1,0,0,0,0,0,0,0,0,0,0,0,0,0,0,0,0,0,0,0,0,0,0,0,98,614,0,0,0,0,0,0,0,0,0,8,0,19,0,0,0,0,1,47,0,6,7,22,0,0,1,1,0,6,13,0,0,0,0,1,74112,0,0,32,0,1343,0,0,0,0,0,0,0,0,0,0,0,0,0,1,0,0,0,0,0,0,0,OFF,0,0,0,0,0,0,321,60,6,75607,0,0,0,1,59,2,0,370,0,4,50,581,0,334,0,300,25913712,0,0,0,2,25837286,not started,not started,294,4816896,0,0,5,31704,1,31999,0,0,0,3403,295,0,8,11,0,0,0,8998912,487,13,167424,5,2,ON,0,1,3,6,0,0,2048,16384,0,294,5,0,0,0,0,0,0,1,1587,0,16,0,128,0,6695,3,16,3,9,5,0.000000,0,6,0,29,0,84,76,428,84,83,0,0,0,0,0,0,0,0,0,0,0,0,0,0,0,0,0,0,0,0,0,0,0,0,1,10468296,0,0,0,96,0,1,83701,76527,0,0,0,0,75637,0.000,,0,0,0,OFF,0,0,0,0,379,5,0,0,0,,,0,0,0,0,0,0,0,,,0,0,NONE,0,0,0,0,0,0,0,,185,0,177,83,0,0,0,0,0,6,6,1,618880,618880
2014-08-18 05:05:41,129,10,0,1,0,7,1844828,708846674,7173,0,0,0,0,0,0,0,0,0,0,0,1,0,0,5,0,0,0,1,0,0,0,0,0,0,0,0,0,0,0,0,0,0,0,0,0,0,0,0,0,0,0,3,0,0,0,1,0,2,0,0,0,2,1,0,0,0,0,0,0,0,0,0,0,0,0,0,0,0,0,0,0,0,0,0,0,0,98,614,0,0,0,0,0,0,0,0,0,8,0,19,0,0,0,0,1,47,0,6,7,22,0,0,1,1,0,6,13,0,0,0,0,1,74113,0,0,32,0,1344,0,0,0,0,0,0,0,0,0,0,0,0,0,1,0,0,0,0,0,0,0,OFF,0,0,0,0,0,0,321,60,6,75609,0,0,0,1,59,2,0,370,0,4,50,581,0,334,0,300,25914481,0,0,0,2,25838053,not started,not started,294,4816896,0,0,5,31704,1,31999,0,0,0,3403,295,0,8,11,0,0,0,8998912,487,13,167424,5,2,ON,0,1,3,6,0,0,2048,16384,0,294,5,0,0,0,0,0,0,1,1587,0,16,0,128,0,6695,3,16,3,9,5,0.000000,0,6,0,29,0,84,76,428,84,83,0,0,0,0,0,0,0,0,0,0,0,0,0,0,0,0,0,0,0,0,0,0,0,0,1,10468296,0,0,0,96,0,1,83703,76529,0,0,0,0,75639,0.000,,0,0,0,OFF,0,0,0,0,379,5,0,0,0,,,0,0,0,0,0,0,0,,,0,0,NONE,0,0,0,0,0,0,0,,185,0,177,83,0,0,0,0,0,6,6,1,618881,618881
2014-08-18 05:05:42,129,10,0,1,0,7,1844877,708869989,7173,0,0,0,0,0,0,0,0,0,0,0,1,0,0,5,0,0,0,1,0,0,0,0,0,0,0,0,0,0,0,0,0,0,0,0,0,0,0,0,0,0,0,3,0,0,0,1,0,2,0,0,0,2,1,0,0,0,0,0,0,0,0,0,0,0,0,0,0,0,0,0,0,0,0,0,0,0,98,614,0,0,0,0,0,0,0,0,0,8,0,19,0,0,0,0,1,47,0,6,7,22,0,0,1,1,0,6,13,0,0,0,0,1,74114,0,0,32,0,1345,0,0,0,0,0,0,0,0,0,0,0,0,0,1,0,0,0,0,0,0,0,OFF,0,0,0,0,0,0,321,60,6,75611,0,0,0,1,59,2,0,370,0,4,50,581,0,334,0,300,25915250,0,0,0,2,25838820,not started,not started,294,4816896,0,0,5,31704,1,31999,0,0,0,3403,295,0,8,11,0,0,0,8998912,487,13,167424,5,2,ON,0,1,3,6,0,0,2048,16384,0,294,5,0,0,0,0,0,0,1,1587,0,16,0,128,0,6695,3,16,3,9,5,0.000000,0,6,0,29,0,84,76,428,84,83,0,0,0,0,0,0,0,0,0,0,0,0,0,0,0,0,0,0,0,0,0,0,0,0,1,10468296,0,0,0,96,0,1,83705,76531,0,0,0,0,75641,0.000,,0,0,0,OFF,0,0,0,0,379,5,0,0,0,,,0,0,0,0,0,0,0,,,0,0,NONE,0,0,0,0,0,0,0,,185,0,177,83,0,0,0,0,0,6,6,1,618882,618882
2014-08-18 05:05:43,129,10,0,1,0,7,1844926,708893304,7173,0,0,0,0,0,0,0,0,0,0,0,1,0,0,5,0,0,0,1,0,0,0,0,0,0,0,0,0,0,0,0,0,0,0,0,0,0,0,0,0,0,0,3,0,0,0,1,0,2,0,0,0,2,1,0,0,0,0,0,0,0,0,0,0,0,0,0,0,0,0,0,0,0,0,0,0,0,98,614,0,0,0,0,0,0,0,0,0,8,0,19,0,0,0,0,1,47,0,6,7,22,0,0,1,1,0,6,13,0,0,0,0,1,74115,0,0,32,0,1346,0,0,0,0,0,0,0,0,0,0,0,0,0,1,0,0,0,0,0,0,0,OFF,0,0,0,0,0,0,321,60,6,75613,0,0,0,1,59,2,0,370,0,4,50,581,0,334,0,300,25916019,0,0,0,2,25839587,not started,not started,294,4816896,0,0,5,31704,1,31999,0,0,0,3403,295,0,8,11,0,0,0,8998912,487,13,167424,5,2,ON,0,1,3,6,0,0,2048,16384,0,294,5,0,0,0,0,0,0,1,1587,0,16,0,128,0,6695,3,16,3,9,5,0.000000,0,6,0,29,0,84,76,428,84,83,0,0,0,0,0,0,0,0,0,0,0,0,0,0,0,0,0,0,0,0,0,0,0,0,1,10468296,0,0,0,96,0,1,83707,76533,0,0,0,0,75643,0.000,,0,0,0,OFF,0,0,0,0,379,5,0,0,0,,,0,0,0,0,0,0,0,,,0,0,NONE,0,0,0,0,0,0,0,,185,0,177,83,0,0,0,0,0,6,6,1,618883,618883
2014-08-18 05:05:44,129,10,0,1,0,7,1844975,708916619,7173,0,0,0,0,0,0,0,0,0,0,0,1,0,0,5,0,0,0,1,0,0,0,0,0,0,0,0,0,0,0,0,0,0,0,0,0,0,0,0,0,0,0,3,0,0,0,1,0,2,0,0,0,2,1,0,0,0,0,0,0,0,0,0,0,0,0,0,0,0,0,0,0,0,0,0,0,0,98,614,0,0,0,0,0,0,0,0,0,8,0,19,0,0,0,0,1,47,0,6,7,22,0,0,1,1,0,6,13,0,0,0,0,1,74116,0,0,32,0,1347,0,0,0,0,0,0,0,0,0,0,0,0,0,1,0,0,0,0,0,0,0,OFF,0,0,0,0,0,0,321,60,6,75615,0,0,0,1,59,2,0,370,0,4,50,581,0,334,0,300,25916788,0,0,0,2,25840354,not started,not started,294,4816896,0,0,5,31704,1,31999,0,0,0,3403,295,0,8,11,0,0,0,8998912,487,13,167424,5,2,ON,0,1,3,6,0,0,2048,16384,0,294,5,0,0,0,0,0,0,1,1587,0,16,0,128,0,6695,3,16,3,9,5,0.000000,0,6,0,29,0,84,76,428,84,83,0,0,0,0,0,0,0,0,0,0,0,0,0,0,0,0,0,0,0,0,0,0,0,0,1,10468296,0,0,0,96,0,1,83709,76535,0,0,0,0,75645,0.000,,0,0,0,OFF,0,0,0,0,379,5,0,0,0,,,0,0,0,0,0,0,0,,,0,0,NONE,0,0,0,0,0,0,0,,185,0,177,83,0,0,0,0,0,6,6,1,618884,618884
2014-08-18 05:05:45,129,10,0,1,0,7,1845024,708939934,7173,0,0,0,0,0,0,0,0,0,0,0,1,0,0,5,0,0,0,1,0,0,0,0,0,0,0,0,0,0,0,0,0,0,0,0,0,0,0,0,0,0,0,3,0,0,0,1,0,2,0,0,0,2,1,0,0,0,0,0,0,0,0,0,0,0,0,0,0,0,0,0,0,0,0,0,0,0,98,614,0,0,0,0,0,0,0,0,0,8,0,19,0,0,0,0,1,47,0,6,7,22,0,0,1,1,0,6,13,0,0,0,0,1,74117,0,0,32,0,1348,0,0,0,0,0,0,0,0,0,0,0,0,0,1,0,0,0,0,0,0,0,OFF,0,0,0,0,0,0,321,60,6,75617,0,0,0,1,59,2,0,370,0,4,50,581,0,334,0,300,25917557,0,0,0,2,25841121,not started,not started,294,4816896,0,0,5,31704,1,31999,0,0,0,3403,295,0,8,11,0,0,0,8998912,487,13,167424,5,2,ON,0,1,3,6,0,0,2048,16384,0,294,5,0,0,0,0,0,0,1,1587,0,16,0,128,0,6695,3,16,3,9,5,0.000000,0,6,0,29,0,84,76,428,84,83,0,0,0,0,0,0,0,0,0,0,0,0,0,0,0,0,0,0,0,0,0,0,0,0,1,10468296,0,0,0,96,0,1,83711,76537,0,0,0,0,75647,0.000,,0,0,0,OFF,0,0,0,0,379,5,0,0,0,,,0,0,0,0,0,0,0,,,0,0,NONE,0,0,0,0,0,0,0,,185,0,177,83,0,0,0,0,0,6,6,1,618885,618885
2014-08-18 05:05:46,129,10,0,1,0,7,1845073,708963249,7173,0,0,0,0,0,0,0,0,0,0,0,1,0,0,5,0,0,0,1,0,0,0,0,0,0,0,0,0,0,0,0,0,0,0,0,0,0,0,0,0,0,0,3,0,0,0,1,0,2,0,0,0,2,1,0,0,0,0,0,0,0,0,0,0,0,0,0,0,0,0,0,0,0,0,0,0,0,98,614,0,0,0,0,0,0,0,0,0,8,0,19,0,0,0,0,1,47,0,6,7,22,0,0,1,1,0,6,13,0,0,0,0,1,74118,0,0,32,0,1349,0,0,0,0,0,0,0,0,0,0,0,0,0,1,0,0,0,0,0,0,0,OFF,0,0,0,0,0,0,321,60,6,75619,0,0,0,1,59,2,0,370,0,4,50,581,0,334,0,300,25918326,0,0,0,2,25841888,not started,not started,294,4816896,0,0,5,31704,1,31999,0,0,0,3403,295,0,8,11,0,0,0,8998912,487,13,167424,5,2,ON,0,1,3,6,0,0,2048,16384,0,294,5,0,0,0,0,0,0,1,1587,0,16,0,128,0,6695,3,16,3,9,5,0.000000,0,6,0,29,0,84,76,428,84,83,0,0,0,0,0,0,0,0,0,0,0,0,0,0,0,0,0,0,0,0,0,0,0,0,1,10468296,0,0,0,96,0,1,83713,76539,0,0,0,0,75649,0.000,,0,0,0,OFF,0,0,0,0,379,5,0,0,0,,,0,0,0,0,0,0,0,,,0,0,NONE,0,0,0,0,0,0,0,,185,0,177,83,0,0,0,0,0,6,6,1,618886,618886
2014-08-18 05:05:47,129,10,0,1,0,7,1845122,708986564,7173,0,0,0,0,0,0,0,0,0,0,0,1,0,0,5,0,0,0,1,0,0,0,0,0,0,0,0,0,0,0,0,0,0,0,0,0,0,0,0,0,0,0,3,0,0,0,1,0,2,0,0,0,2,1,0,0,0,0,0,0,0,0,0,0,0,0,0,0,0,0,0,0,0,0,0,0,0,98,614,0,0,0,0,0,0,0,0,0,8,0,19,0,0,0,0,1,47,0,6,7,22,0,0,1,1,0,6,13,0,0,0,0,1,74119,0,0,32,0,1350,0,0,0,0,0,0,0,0,0,0,0,0,0,1,0,0,0,0,0,0,0,OFF,0,0,0,0,0,0,321,60,6,75621,0,0,0,1,59,2,0,370,0,4,50,581,0,334,0,300,25919095,0,0,0,2,25842655,not started,not started,294,4816896,0,0,5,31704,1,31999,0,0,0,3403,295,0,8,11,0,0,0,8998912,487,13,167424,5,2,ON,0,1,3,6,0,0,2048,16384,0,294,5,0,0,0,0,0,0,1,1587,0,16,0,128,0,6695,3,16,3,9,5,0.000000,0,6,0,29,0,84,76,428,84,83,0,0,0,0,0,0,0,0,0,0,0,0,0,0,0,0,0,0,0,0,0,0,0,0,1,10468296,0,0,0,96,0,1,83715,76541,0,0,0,0,75651,0.000,,0,0,0,OFF,0,0,0,0,379,5,0,0,0,,,0,0,0,0,0,0,0,,,0,0,NONE,0,0,0,0,0,0,0,,185,0,177,83,0,0,0,0,0,6,6,1,618887,618887
2014-08-18 05:05:48,129,10,0,1,0,7,1845171,709009879,7173,0,0,0,0,0,0,0,0,0,0,0,1,0,0,5,0,0,0,1,0,0,0,0,0,0,0,0,0,0,0,0,0,0,0,0,0,0,0,0,0,0,0,3,0,0,0,1,0,2,0,0,0,2,1,0,0,0,0,0,0,0,0,0,0,0,0,0,0,0,0,0,0,0,0,0,0,0,98,614,0,0,0,0,0,0,0,0,0,8,0,19,0,0,0,0,1,47,0,6,7,22,0,0,1,1,0,6,13,0,0,0,0,1,74120,0,0,32,0,1351,0,0,0,0,0,0,0,0,0,0,0,0,0,1,0,0,0,0,0,0,0,OFF,0,0,0,0,0,0,321,60,6,75623,0,0,0,1,59,2,0,370,0,4,50,581,0,334,0,300,25919864,0,0,0,2,25843422,not started,not started,294,4816896,0,0,5,31704,1,31999,0,0,0,3403,295,0,8,11,0,0,0,8998912,487,13,167424,5,2,ON,0,1,3,6,0,0,2048,16384,0,294,5,0,0,0,0,0,0,1,1587,0,16,0,128,0,6695,3,16,3,9,5,0.000000,0,6,0,29,0,84,76,428,84,83,0,0,0,0,0,0,0,0,0,0,0,0,0,0,0,0,0,0,0,0,0,0,0,0,1,10468296,0,0,0,96,0,1,83717,76543,0,0,0,0,75653,0.000,,0,0,0,OFF,0,0,0,0,379,5,0,0,0,,,0,0,0,0,0,0,0,,,0,0,NONE,0,0,0,0,0,0,0,,185,0,177,83,0,0,0,0,0,6,6,1,618888,618888
2014-08-18 05:05:49,129,10,0,1,0,7,1845220,709033194,7173,0,0,0,0,0,0,0,0,0,0,0,1,0,0,5,0,0,0,1,0,0,0,0,0,0,0,0,0,0,0,0,0,0,0,0,0,0,0,0,0,0,0,3,0,0,0,1,0,2,0,0,0,2,1,0,0,0,0,0,0,0,0,0,0,0,0,0,0,0,0,0,0,0,0,0,0,0,98,614,0,0,0,0,0,0,0,0,0,8,0,19,0,0,0,0,1,47,0,6,7,22,0,0,1,1,0,6,13,0,0,0,0,1,74121,0,0,32,0,1352,0,0,0,0,0,0,0,0,0,0,0,0,0,1,0,0,0,0,0,0,0,OFF,0,0,0,0,0,0,321,60,6,75625,0,0,0,1,59,2,0,370,0,4,50,581,0,334,0,300,25920633,0,0,0,2,25844189,not started,not started,294,4816896,0,0,5,31704,1,31999,0,0,0,3403,295,0,8,11,0,0,0,8998912,487,13,167424,5,2,ON,0,1,3,6,0,0,2048,16384,0,294,5,0,0,0,0,0,0,1,1587,0,16,0,128,0,6695,3,16,3,9,5,0.000000,0,6,0,29,0,84,76,428,84,83,0,0,0,0,0,0,0,0,0,0,0,0,0,0,0,0,0,0,0,0,0,0,0,0,1,10468296,0,0,0,96,0,1,83719,76545,0,0,0,0,75655,0.000,,0,0,0,OFF,0,0,0,0,379,5,0,0,0,,,0,0,0,0,0,0,0,,,0,0,NONE,0,0,0,0,0,0,0,,185,0,177,83,0,0,0,0,0,6,6,1,618889,618889
2014-08-18 05:05:50,129,10,0,1,0,7,1845269,709056509,7173,0,0,0,0,0,0,0,0,0,0,0,1,0,0,5,0,0,0,1,0,0,0,0,0,0,0,0,0,0,0,0,0,0,0,0,0,0,0,0,0,0,0,3,0,0,0,1,0,2,0,0,0,2,1,0,0,0,0,0,0,0,0,0,0,0,0,0,0,0,0,0,0,0,0,0,0,0,98,614,0,0,0,0,0,0,0,0,0,8,0,19,0,0,0,0,1,47,0,6,7,22,0,0,1,1,0,6,13,0,0,0,0,1,74122,0,0,32,0,1353,0,0,0,0,0,0,0,0,0,0,0,0,0,1,0,0,0,0,0,0,0,OFF,0,0,0,0,0,0,321,60,6,75627,0,0,0,1,59,2,0,370,0,4,50,581,0,334,0,300,25921402,0,0,0,2,25844956,not started,not started,294,4816896,0,0,5,31704,1,31999,0,0,0,3403,295,0,8,11,0,0,0,8998912,487,13,167424,5,2,ON,0,1,3,6,0,0,2048,16384,0,294,5,0,0,0,0,0,0,1,1587,0,16,0,128,0,6695,3,16,3,9,5,0.000000,0,6,0,29,0,84,76,428,84,83,0,0,0,0,0,0,0,0,0,0,0,0,0,0,0,0,0,0,0,0,0,0,0,0,1,10468296,0,0,0,96,0,1,83721,76547,0,0,0,0,75657,0.000,,0,0,0,OFF,0,0,0,0,379,5,0,0,0,,,0,0,0,0,0,0,0,,,0,0,NONE,0,0,0,0,0,0,0,,185,0,177,83,0,0,0,0,0,6,6,1,618890,618890
2014-08-18 05:05:51,129,10,0,1,0,7,1845318,709079824,7173,0,0,0,0,0,0,0,0,0,0,0,1,0,0,5,0,0,0,1,0,0,0,0,0,0,0,0,0,0,0,0,0,0,0,0,0,0,0,0,0,0,0,3,0,0,0,1,0,2,0,0,0,2,1,0,0,0,0,0,0,0,0,0,0,0,0,0,0,0,0,0,0,0,0,0,0,0,98,614,0,0,0,0,0,0,0,0,0,8,0,19,0,0,0,0,1,47,0,6,7,22,0,0,1,1,0,6,13,0,0,0,0,1,74123,0,0,32,0,1354,0,0,0,0,0,0,0,0,0,0,0,0,0,1,0,0,0,0,0,0,0,OFF,0,0,0,0,0,0,321,60,6,75629,0,0,0,1,59,2,0,370,0,4,50,581,0,334,0,300,25922171,0,0,0,2,25845723,not started,not started,294,4816896,0,0,5,31704,1,31999,0,0,0,3403,295,0,8,11,0,0,0,8998912,487,13,167424,5,2,ON,0,1,3,6,0,0,2048,16384,0,294,5,0,0,0,0,0,0,1,1587,0,16,0,128,0,6695,3,16,3,9,5,0.000000,0,6,0,29,0,84,76,428,84,83,0,0,0,0,0,0,0,0,0,0,0,0,0,0,0,0,0,0,0,0,0,0,0,0,1,10468296,0,0,0,96,0,1,83723,76549,0,0,0,0,75659,0.000,,0,0,0,OFF,0,0,0,0,379,5,0,0,0,,,0,0,0,0,0,0,0,,,0,0,NONE,0,0,0,0,0,0,0,,185,0,177,83,0,0,0,0,0,6,6,1,618891,618891
2014-08-18 05:05:52,129,10,0,1,0,7,1845367,709103139,7173,0,0,0,0,0,0,0,0,0,0,0,1,0,0,5,0,0,0,1,0,0,0,0,0,0,0,0,0,0,0,0,0,0,0,0,0,0,0,0,0,0,0,3,0,0,0,1,0,2,0,0,0,2,1,0,0,0,0,0,0,0,0,0,0,0,0,0,0,0,0,0,0,0,0,0,0,0,98,614,0,0,0,0,0,0,0,0,0,8,0,19,0,0,0,0,1,47,0,6,7,22,0,0,1,1,0,6,13,0,0,0,0,1,74124,0,0,32,0,1355,0,0,0,0,0,0,0,0,0,0,0,0,0,1,0,0,0,0,0,0,0,OFF,0,0,0,0,0,0,321,60,6,75631,0,0,0,1,59,2,0,370,0,4,50,581,0,334,0,300,25922940,0,0,0,2,25846490,not started,not started,294,4816896,0,0,5,31704,1,31999,0,0,0,3403,295,0,8,11,0,0,0,8998912,487,13,167424,5,2,ON,0,1,3,6,0,0,2048,16384,0,294,5,0,0,0,0,0,0,1,1587,0,16,0,128,0,6695,3,16,3,9,5,0.000000,0,6,0,29,0,84,76,428,84,83,0,0,0,0,0,0,0,0,0,0,0,0,0,0,0,0,0,0,0,0,0,0,0,0,1,10468296,0,0,0,96,0,1,83725,76551,0,0,0,0,75661,0.000,,0,0,0,OFF,0,0,0,0,379,5,0,0,0,,,0,0,0,0,0,0,0,,,0,0,NONE,0,0,0,0,0,0,0,,185,0,177,83,0,0,0,0,0,6,6,1,618892,618892
2014-08-18 05:05:53,129,10,0,1,0,7,1845416,709126454,7173,0,0,0,0,0,0,0,0,0,0,0,1,0,0,5,0,0,0,1,0,0,0,0,0,0,0,0,0,0,0,0,0,0,0,0,0,0,0,0,0,0,0,3,0,0,0,1,0,2,0,0,0,2,1,0,0,0,0,0,0,0,0,0,0,0,0,0,0,0,0,0,0,0,0,0,0,0,98,614,0,0,0,0,0,0,0,0,0,8,0,19,0,0,0,0,1,47,0,6,7,22,0,0,1,1,0,6,13,0,0,0,0,1,74125,0,0,32,0,1356,0,0,0,0,0,0,0,0,0,0,0,0,0,1,0,0,0,0,0,0,0,OFF,0,0,0,0,0,0,321,60,6,75633,0,0,0,1,59,2,0,370,0,4,50,581,0,334,0,300,25923709,0,0,0,2,25847257,not started,not started,294,4816896,0,0,5,31704,1,31999,0,0,0,3403,295,0,8,11,0,0,0,8998912,487,13,167424,5,2,ON,0,1,3,6,0,0,2048,16384,0,294,5,0,0,0,0,0,0,1,1587,0,16,0,128,0,6695,3,16,3,9,5,0.000000,0,6,0,29,0,84,76,428,84,83,0,0,0,0,0,0,0,0,0,0,0,0,0,0,0,0,0,0,0,0,0,0,0,0,1,10468296,0,0,0,96,0,1,83727,76553,0,0,0,0,75663,0.000,,0,0,0,OFF,0,0,0,0,379,5,0,0,0,,,0,0,0,0,0,0,0,,,0,0,NONE,0,0,0,0,0,0,0,,185,0,177,83,0,0,0,0,0,6,6,1,618893,618893
2014-08-18 05:05:54,129,10,0,1,0,7,1845465,709149769,7173,0,0,0,0,0,0,0,0,0,0,0,1,0,0,5,0,0,0,1,0,0,0,0,0,0,0,0,0,0,0,0,0,0,0,0,0,0,0,0,0,0,0,3,0,0,0,1,0,2,0,0,0,2,1,0,0,0,0,0,0,0,0,0,0,0,0,0,0,0,0,0,0,0,0,0,0,0,98,614,0,0,0,0,0,0,0,0,0,8,0,19,0,0,0,0,1,47,0,6,7,22,0,0,1,1,0,6,13,0,0,0,0,1,74126,0,0,32,0,1357,0,0,0,0,0,0,0,0,0,0,0,0,0,1,0,0,0,0,0,0,0,OFF,0,0,0,0,0,0,321,60,6,75635,0,0,0,1,59,2,0,370,0,4,50,581,0,334,0,300,25924478,0,0,0,2,25848024,not started,not started,294,4816896,0,0,5,31704,1,31999,0,0,0,3403,295,0,8,11,0,0,0,8998912,487,13,167424,5,2,ON,0,1,3,6,0,0,2048,16384,0,294,5,0,0,0,0,0,0,1,1587,0,16,0,128,0,6695,3,16,3,9,5,0.000000,0,6,0,29,0,84,76,428,84,83,0,0,0,0,0,0,0,0,0,0,0,0,0,0,0,0,0,0,0,0,0,0,0,0,1,10468296,0,0,0,96,0,1,83729,76555,0,0,0,0,75665,0.000,,0,0,0,OFF,0,0,0,0,379,5,0,0,0,,,0,0,0,0,0,0,0,,,0,0,NONE,0,0,0,0,0,0,0,,185,0,177,83,0,0,0,0,0,6,6,1,618894,618894
2014-08-18 05:05:55,129,10,0,1,0,7,1845514,709173084,7173,0,0,0,0,0,0,0,0,0,0,0,1,0,0,5,0,0,0,1,0,0,0,0,0,0,0,0,0,0,0,0,0,0,0,0,0,0,0,0,0,0,0,3,0,0,0,1,0,2,0,0,0,2,1,0,0,0,0,0,0,0,0,0,0,0,0,0,0,0,0,0,0,0,0,0,0,0,98,614,0,0,0,0,0,0,0,0,0,8,0,19,0,0,0,0,1,47,0,6,7,22,0,0,1,1,0,6,13,0,0,0,0,1,74127,0,0,32,0,1358,0,0,0,0,0,0,0,0,0,0,0,0,0,1,0,0,0,0,0,0,0,OFF,0,0,0,0,0,0,321,60,6,75637,0,0,0,1,59,2,0,370,0,4,50,581,0,334,0,300,25925247,0,0,0,2,25848791,not started,not started,294,4816896,0,0,5,31704,1,31999,0,0,0,3403,295,0,8,11,0,0,0,8998912,487,13,167424,5,2,ON,0,1,3,6,0,0,2048,16384,0,294,5,0,0,0,0,0,0,1,1587,0,16,0,128,0,6695,3,16,3,9,5,0.000000,0,6,0,29,0,84,76,428,84,83,0,0,0,0,0,0,0,0,0,0,0,0,0,0,0,0,0,0,0,0,0,0,0,0,1,10468296,0,0,0,96,0,1,83731,76557,0,0,0,0,75667,0.000,,0,0,0,OFF,0,0,0,0,379,5,0,0,0,,,0,0,0,0,0,0,0,,,0,0,NONE,0,0,0,0,0,0,0,,185,0,177,83,0,0,0,0,0,6,6,1,618895,618895
2014-08-18 05:05:56,129,10,0,1,0,7,1845563,709196399,7173,0,0,0,0,0,0,0,0,0,0,0,1,0,0,5,0,0,0,1,0,0,0,0,0,0,0,0,0,0,0,0,0,0,0,0,0,0,0,0,0,0,0,3,0,0,0,1,0,2,0,0,0,2,1,0,0,0,0,0,0,0,0,0,0,0,0,0,0,0,0,0,0,0,0,0,0,0,98,614,0,0,0,0,0,0,0,0,0,8,0,19,0,0,0,0,1,47,0,6,7,22,0,0,1,1,0,6,13,0,0,0,0,1,74128,0,0,32,0,1359,0,0,0,0,0,0,0,0,0,0,0,0,0,1,0,0,0,0,0,0,0,OFF,0,0,0,0,0,0,321,60,6,75639,0,0,0,1,59,2,0,370,0,4,50,581,0,334,0,300,25926016,0,0,0,2,25849558,not started,not started,294,4816896,0,0,5,31704,1,31999,0,0,0,3403,295,0,8,11,0,0,0,8998912,487,13,167424,5,2,ON,0,1,3,6,0,0,2048,16384,0,294,5,0,0,0,0,0,0,1,1587,0,16,0,128,0,6695,3,16,3,9,5,0.000000,0,6,0,29,0,84,76,428,84,83,0,0,0,0,0,0,0,0,0,0,0,0,0,0,0,0,0,0,0,0,0,0,0,0,1,10468296,0,0,0,96,0,1,83733,76559,0,0,0,0,75669,0.000,,0,0,0,OFF,0,0,0,0,379,5,0,0,0,,,0,0,0,0,0,0,0,,,0,0,NONE,0,0,0,0,0,0,0,,185,0,177,83,0,0,0,0,0,6,6,1,618896,618896
2014-08-18 05:05:57,129,10,0,1,0,7,1845612,709219714,7173,0,0,0,0,0,0,0,0,0,0,0,1,0,0,5,0,0,0,1,0,0,0,0,0,0,0,0,0,0,0,0,0,0,0,0,0,0,0,0,0,0,0,3,0,0,0,1,0,2,0,0,0,2,1,0,0,0,0,0,0,0,0,0,0,0,0,0,0,0,0,0,0,0,0,0,0,0,98,614,0,0,0,0,0,0,0,0,0,8,0,19,0,0,0,0,1,47,0,6,7,22,0,0,1,1,0,6,13,0,0,0,0,1,74129,0,0,32,0,1360,0,0,0,0,0,0,0,0,0,0,0,0,0,1,0,0,0,0,0,0,0,OFF,0,0,0,0,0,0,321,60,6,75641,0,0,0,1,59,2,0,370,0,4,50,581,0,334,0,300,25926785,0,0,0,2,25850325,not started,not started,294,4816896,0,0,5,31704,1,31999,0,0,0,3403,295,0,8,11,0,0,0,8998912,487,13,167424,5,2,ON,0,1,3,6,0,0,2048,16384,0,294,5,0,0,0,0,0,0,1,1587,0,16,0,128,0,6695,3,16,3,9,5,0.000000,0,6,0,29,0,84,76,428,84,83,0,0,0,0,0,0,0,0,0,0,0,0,0,0,0,0,0,0,0,0,0,0,0,0,1,10468296,0,0,0,96,0,1,83735,76561,0,0,0,0,75671,0.000,,0,0,0,OFF,0,0,0,0,379,5,0,0,0,,,0,0,0,0,0,0,0,,,0,0,NONE,0,0,0,0,0,0,0,,185,0,177,83,0,0,0,0,0,6,6,1,618897,618897
2014-08-18 05:05:58,129,10,0,1,0,7,1845661,709243029,7173,0,0,0,0,0,0,0,0,0,0,0,1,0,0,5,0,0,0,1,0,0,0,0,0,0,0,0,0,0,0,0,0,0,0,0,0,0,0,0,0,0,0,3,0,0,0,1,0,2,0,0,0,2,1,0,0,0,0,0,0,0,0,0,0,0,0,0,0,0,0,0,0,0,0,0,0,0,98,614,0,0,0,0,0,0,0,0,0,8,0,19,0,0,0,0,1,47,0,6,7,22,0,0,1,1,0,6,13,0,0,0,0,1,74130,0,0,32,0,1361,0,0,0,0,0,0,0,0,0,0,0,0,0,1,0,0,0,0,0,0,0,OFF,0,0,0,0,0,0,321,60,6,75643,0,0,0,1,59,2,0,370,0,4,50,581,0,334,0,300,25927554,0,0,0,2,25851092,not started,not started,294,4816896,0,0,5,31704,1,31999,0,0,0,3403,295,0,8,11,0,0,0,8998912,487,13,167424,5,2,ON,0,1,3,6,0,0,2048,16384,0,294,5,0,0,0,0,0,0,1,1587,0,16,0,128,0,6695,3,16,3,9,5,0.000000,0,6,0,29,0,84,76,428,84,83,0,0,0,0,0,0,0,0,0,0,0,0,0,0,0,0,0,0,0,0,0,0,0,0,1,10468296,0,0,0,96,0,1,83737,76563,0,0,0,0,75673,0.000,,0,0,0,OFF,0,0,0,0,379,5,0,0,0,,,0,0,0,0,0,0,0,,,0,0,NONE,0,0,0,0,0,0,0,,185,0,177,83,0,0,0,0,0,6,6,1,618898,618898
2014-08-18 05:05:59,129,10,0,1,0,7,1845710,709266344,7173,0,0,0,0,0,0,0,0,0,0,0,1,0,0,5,0,0,0,1,0,0,0,0,0,0,0,0,0,0,0,0,0,0,0,0,0,0,0,0,0,0,0,3,0,0,0,1,0,2,0,0,0,2,1,0,0,0,0,0,0,0,0,0,0,0,0,0,0,0,0,0,0,0,0,0,0,0,98,614,0,0,0,0,0,0,0,0,0,8,0,19,0,0,0,0,1,47,0,6,7,22,0,0,1,1,0,6,13,0,0,0,0,1,74131,0,0,32,0,1362,0,0,0,0,0,0,0,0,0,0,0,0,0,1,0,0,0,0,0,0,0,OFF,0,0,0,0,0,0,321,60,6,75645,0,0,0,1,59,2,0,370,0,4,50,581,0,334,0,300,25928323,0,0,0,2,25851859,not started,not started,294,4816896,0,0,5,31704,1,31999,0,0,0,3403,295,0,8,11,0,0,0,8998912,487,13,167424,5,2,ON,0,1,3,6,0,0,2048,16384,0,294,5,0,0,0,0,0,0,1,1587,0,16,0,128,0,6695,3,16,3,9,5,0.000000,0,6,0,29,0,84,76,428,84,83,0,0,0,0,0,0,0,0,0,0,0,0,0,0,0,0,0,0,0,0,0,0,0,0,1,10468296,0,0,0,96,0,1,83739,76565,0,0,0,0,75675,0.000,,0,0,0,OFF,0,0,0,0,379,5,0,0,0,,,0,0,0,0,0,0,0,,,0,0,NONE,0,0,0,0,0,0,0,,185,0,177,83,0,0,0,0,0,6,6,1,618899,618899
2014-08-18 05:05:01,129,10,0,1,0,7,1845759,709289659,7173,0,0,0,0,0,0,0,0,0,0,0,1,0,0,5,0,0,0,1,0,0,0,0,0,0,0,0,0,0,0,0,0,0,0,0,0,0,0,0,0,0,0,3,0,0,0,1,0,2,0,0,0,2,1,0,0,0,0,0,0,0,0,0,0,0,0,0,0,0,0,0,0,0,0,0,0,0,98,614,0,0,0,0,0,0,0,0,0,8,0,19,0,0,0,0,1,47,0,6,7,22,0,0,1,1,0,6,13,0,0,0,0,1,74132,0,0,32,0,1363,0,0,0,0,0,0,0,0,0,0,0,0,0,1,0,0,0,0,0,0,0,OFF,0,0,0,0,0,0,321,60,6,75647,0,0,0,1,59,2,0,370,0,4,50,581,0,334,0,300,25929092,0,0,0,2,25852626,not started,not started,294,4816896,0,0,5,31704,1,31999,0,0,0,3403,295,0,8,11,0,0,0,8998912,487,13,167424,5,2,ON,0,1,3,6,0,0,2048,16384,0,294,5,0,0,0,0,0,0,1,1587,0,16,0,128,0,6695,3,16,3,9,5,0.000000,0,6,0,29,0,84,76,428,84,83,0,0,0,0,0,0,0,0,0,0,0,0,0,0,0,0,0,0,0,0,0,0,0,0,1,10468296,0,0,0,96,0,1,83741,76567,0,0,0,0,75677,0.000,,0,0,0,OFF,0,0,0,0,379,5,0,0,0,,,0,0,0,0,0,0,0,,,0,0,NONE,0,0,0,0,0,0,0,,185,0,177,83,0,0,0,0,0,6,6,1,618900,618900
2014-08-18 05:05:02,129,10,0,1,0,7,1845808,709312974,7173,0,0,0,0,0,0,0,0,0,0,0,1,0,0,5,0,0,0,1,0,0,0,0,0,0,0,0,0,0,0,0,0,0,0,0,0,0,0,0,0,0,0,3,0,0,0,1,0,2,0,0,0,2,1,0,0,0,0,0,0,0,0,0,0,0,0,0,0,0,0,0,0,0,0,0,0,0,98,614,0,0,0,0,0,0,0,0,0,8,0,19,0,0,0,0,1,47,0,6,7,22,0,0,1,1,0,6,13,0,0,0,0,1,74133,0,0,32,0,1364,0,0,0,0,0,0,0,0,0,0,0,0,0,1,0,0,0,0,0,0,0,OFF,0,0,0,0,0,0,321,60,6,75649,0,0,0,1,59,2,0,370,0,4,50,581,0,334,0,300,25929861,0,0,0,2,25853393,not started,not started,294,4816896,0,0,5,31704,1,31999,0,0,0,3403,295,0,8,11,0,0,0,8998912,487,13,167424,5,2,ON,0,1,3,6,0,0,2048,16384,0,294,5,0,0,0,0,0,0,1,1587,0,16,0,128,0,6695,3,16,3,9,5,0.000000,0,6,0,29,0,84,76,428,84,83,0,0,0,0,0,0,0,0,0,0,0,0,0,0,0,0,0,0,0,0,0,0,0,0,1,10468296,0,0,0,96,0,1,83743,76569,0,0,0,0,75679,0.000,,0,0,0,OFF,0,0,0,0,379,5,0,0,0,,,0,0,0,0,0,0,0,,,0,0,NONE,0,0,0,0,0,0,0,,185,0,177,83,0,0,0,0,0,6,6,1,618902,618902
2014-08-18 05:05:03,129,10,0,1,0,7,1845857,709336289,7173,0,0,0,0,0,0,0,0,0,0,0,1,0,0,5,0,0,0,1,0,0,0,0,0,0,0,0,0,0,0,0,0,0,0,0,0,0,0,0,0,0,0,3,0,0,0,1,0,2,0,0,0,2,1,0,0,0,0,0,0,0,0,0,0,0,0,0,0,0,0,0,0,0,0,0,0,0,98,614,0,0,0,0,0,0,0,0,0,8,0,19,0,0,0,0,1,47,0,6,7,22,0,0,1,1,0,6,13,0,0,0,0,1,74134,0,0,32,0,1365,0,0,0,0,0,0,0,0,0,0,0,0,0,1,0,0,0,0,0,0,0,OFF,0,0,0,0,0,0,321,60,6,75651,0,0,0,1,59,2,0,370,0,4,50,581,0,334,0,300,25930630,0,0,0,2,25854160,not started,not started,294,4816896,0,0,5,31704,1,31999,0,0,0,3403,295,0,8,11,0,0,0,8998912,487,13,167424,5,2,ON,0,1,3,6,0,0,2048,16384,0,294,5,0,0,0,0,0,0,1,1587,0,16,0,128,0,6695,3,16,3,9,5,0.000000,0,6,0,29,0,84,76,428,84,83,0,0,0,0,0,0,0,0,0,0,0,0,0,0,0,0,0,0,0,0,0,0,0,0,1,10468296,0,0,0,96,0,1,83745,76571,0,0,0,0,75681,0.000,,0,0,0,OFF,0,0,0,0,379,5,0,0,0,,,0,0,0,0,0,0,0,,,0,0,NONE,0,0,0,0,0,0,0,,185,0,177,83,0,0,0,0,0,6,6,1,618903,618903
2014-08-18 05:05:04,129,10,0,1,0,7,1845906,709359604,7173,0,0,0,0,0,0,0,0,0,0,0,1,0,0,5,0,0,0,1,0,0,0,0,0,0,0,0,0,0,0,0,0,0,0,0,0,0,0,0,0,0,0,3,0,0,0,1,0,2,0,0,0,2,1,0,0,0,0,0,0,0,0,0,0,0,0,0,0,0,0,0,0,0,0,0,0,0,98,614,0,0,0,0,0,0,0,0,0,8,0,19,0,0,0,0,1,47,0,6,7,22,0,0,1,1,0,6,13,0,0,0,0,1,74135,0,0,32,0,1366,0,0,0,0,0,0,0,0,0,0,0,0,0,1,0,0,0,0,0,0,0,OFF,0,0,0,0,0,0,321,60,6,75653,0,0,0,1,59,2,0,370,0,4,50,581,0,334,0,300,25931399,0,0,0,2,25854927,not started,not started,294,4816896,0,0,5,31704,1,31999,0,0,0,3403,295,0,8,11,0,0,0,8998912,487,13,167424,5,2,ON,0,1,3,6,0,0,2048,16384,0,294,5,0,0,0,0,0,0,1,1587,0,16,0,128,0,6695,3,16,3,9,5,0.000000,0,6,0,29,0,84,76,428,84,83,0,0,0,0,0,0,0,0,0,0,0,0,0,0,0,0,0,0,0,0,0,0,0,0,1,10468296,0,0,0,96,0,1,83747,76573,0,0,0,0,75683,0.000,,0,0,0,OFF,0,0,0,0,379,5,0,0,0,,,0,0,0,0,0,0,0,,,0,0,NONE,0,0,0,0,0,0,0,,185,0,177,83,0,0,0,0,0,6,6,1,618904,618904
2014-08-18 05:05:05,129,10,0,1,0,7,1845955,709382919,7173,0,0,0,0,0,0,0,0,0,0,0,1,0,0,5,0,0,0,1,0,0,0,0,0,0,0,0,0,0,0,0,0,0,0,0,0,0,0,0,0,0,0,3,0,0,0,1,0,2,0,0,0,2,1,0,0,0,0,0,0,0,0,0,0,0,0,0,0,0,0,0,0,0,0,0,0,0,98,614,0,0,0,0,0,0,0,0,0,8,0,19,0,0,0,0,1,47,0,6,7,22,0,0,1,1,0,6,13,0,0,0,0,1,74136,0,0,32,0,1367,0,0,0,0,0,0,0,0,0,0,0,0,0,1,0,0,0,0,0,0,0,OFF,0,0,0,0,0,0,321,60,6,75655,0,0,0,1,59,2,0,370,0,4,50,581,0,334,0,300,25932168,0,0,0,2,25855694,not started,not started,294,4816896,0,0,5,31704,1,31999,0,0,0,3403,295,0,8,11,0,0,0,8998912,487,13,167424,5,2,ON,0,1,3,6,0,0,2048,16384,0,294,5,0,0,0,0,0,0,1,1587,0,16,0,128,0,6695,3,16,3,9,5,0.000000,0,6,0,29,0,84,76,428,84,83,0,0,0,0,0,0,0,0,0,0,0,0,0,0,0,0,0,0,0,0,0,0,0,0,1,10468296,0,0,0,96,0,1,83749,76575,0,0,0,0,75685,0.000,,0,0,0,OFF,0,0,0,0,379,5,0,0,0,,,0,0,0,0,0,0,0,,,0,0,NONE,0,0,0,0,0,0,0,,185,0,177,83,0,0,0,0,0,6,6,1,618905,618905
2014-08-18 05:05:06,129,10,0,1,0,7,1846004,709406234,7173,0,0,0,0,0,0,0,0,0,0,0,1,0,0,5,0,0,0,1,0,0,0,0,0,0,0,0,0,0,0,0,0,0,0,0,0,0,0,0,0,0,0,3,0,0,0,1,0,2,0,0,0,2,1,0,0,0,0,0,0,0,0,0,0,0,0,0,0,0,0,0,0,0,0,0,0,0,98,614,0,0,0,0,0,0,0,0,0,8,0,19,0,0,0,0,1,47,0,6,7,22,0,0,1,1,0,6,13,0,0,0,0,1,74137,0,0,32,0,1368,0,0,0,0,0,0,0,0,0,0,0,0,0,1,0,0,0,0,0,0,0,OFF,0,0,0,0,0,0,321,60,6,75657,0,0,0,1,59,2,0,370,0,4,50,581,0,334,0,300,25932937,0,0,0,2,25856461,not started,not started,294,4816896,0,0,5,31704,1,31999,0,0,0,3403,295,0,8,11,0,0,0,8998912,487,13,167424,5,2,ON,0,1,3,6,0,0,2048,16384,0,294,5,0,0,0,0,0,0,1,1587,0,16,0,128,0,6695,3,16,3,9,5,0.000000,0,6,0,29,0,84,76,428,84,83,0,0,0,0,0,0,0,0,0,0,0,0,0,0,0,0,0,0,0,0,0,0,0,0,1,10468296,0,0,0,96,0,1,83751,76577,0,0,0,0,75687,0.000,,0,0,0,OFF,0,0,0,0,379,5,0,0,0,,,0,0,0,0,0,0,0,,,0,0,NONE,0,0,0,0,0,0,0,,185,0,177,83,0,0,0,0,0,6,6,1,618906,618906
2014-08-18 05:05:07,129,10,0,1,0,7,1846053,709429549,7173,0,0,0,0,0,0,0,0,0,0,0,1,0,0,5,0,0,0,1,0,0,0,0,0,0,0,0,0,0,0,0,0,0,0,0,0,0,0,0,0,0,0,3,0,0,0,1,0,2,0,0,0,2,1,0,0,0,0,0,0,0,0,0,0,0,0,0,0,0,0,0,0,0,0,0,0,0,98,614,0,0,0,0,0,0,0,0,0,8,0,19,0,0,0,0,1,47,0,6,7,22,0,0,1,1,0,6,13,0,0,0,0,1,74138,0,0,32,0,1369,0,0,0,0,0,0,0,0,0,0,0,0,0,1,0,0,0,0,0,0,0,OFF,0,0,0,0,0,0,321,60,6,75659,0,0,0,1,59,2,0,370,0,4,50,581,0,334,0,300,25933706,0,0,0,2,25857228,not started,not started,294,4816896,0,0,5,31704,1,31999,0,0,0,3403,295,0,8,11,0,0,0,8998912,487,13,167424,5,2,ON,0,1,3,6,0,0,2048,16384,0,294,5,0,0,0,0,0,0,1,1587,0,16,0,128,0,6695,3,16,3,9,5,0.000000,0,6,0,29,0,84,76,428,84,83,0,0,0,0,0,0,0,0,0,0,0,0,0,0,0,0,0,0,0,0,0,0,0,0,1,10468296,0,0,0,96,0,1,83753,76579,0,0,0,0,75689,0.000,,0,0,0,OFF,0,0,0,0,379,5,0,0,0,,,0,0,0,0,0,0,0,,,0,0,NONE,0,0,0,0,0,0,0,,185,0,177,83,0,0,0,0,0,6,6,1,618907,618907
2014-08-18 05:05:08,129,10,0,1,0,7,1846102,709452864,7173,0,0,0,0,0,0,0,0,0,0,0,1,0,0,5,0,0,0,1,0,0,0,0,0,0,0,0,0,0,0,0,0,0,0,0,0,0,0,0,0,0,0,3,0,0,0,1,0,2,0,0,0,2,1,0,0,0,0,0,0,0,0,0,0,0,0,0,0,0,0,0,0,0,0,0,0,0,98,614,0,0,0,0,0,0,0,0,0,8,0,19,0,0,0,0,1,47,0,6,7,22,0,0,1,1,0,6,13,0,0,0,0,1,74139,0,0,32,0,1370,0,0,0,0,0,0,0,0,0,0,0,0,0,1,0,0,0,0,0,0,0,OFF,0,0,0,0,0,0,321,60,6,75661,0,0,0,1,59,2,0,370,0,4,50,581,0,334,0,300,25934475,0,0,0,2,25857995,not started,not started,294,4816896,0,0,5,31704,1,31999,0,0,0,3403,295,0,8,11,0,0,0,8998912,487,13,167424,5,2,ON,0,1,3,6,0,0,2048,16384,0,294,5,0,0,0,0,0,0,1,1587,0,16,0,128,0,6695,3,16,3,9,5,0.000000,0,6,0,29,0,84,76,428,84,83,0,0,0,0,0,0,0,0,0,0,0,0,0,0,0,0,0,0,0,0,0,0,0,0,1,10468296,0,0,0,96,0,1,83755,76581,0,0,0,0,75691,0.000,,0,0,0,OFF,0,0,0,0,379,5,0,0,0,,,0,0,0,0,0,0,0,,,0,0,NONE,0,0,0,0,0,0,0,,185,0,177,83,0,0,0,0,0,6,6,1,618908,618908
2014-08-18 05:05:09,129,10,0,1,0,7,1846151,709476179,7173,0,0,0,0,0,0,0,0,0,0,0,1,0,0,5,0,0,0,1,0,0,0,0,0,0,0,0,0,0,0,0,0,0,0,0,0,0,0,0,0,0,0,3,0,0,0,1,0,2,0,0,0,2,1,0,0,0,0,0,0,0,0,0,0,0,0,0,0,0,0,0,0,0,0,0,0,0,98,614,0,0,0,0,0,0,0,0,0,8,0,19,0,0,0,0,1,47,0,6,7,22,0,0,1,1,0,6,13,0,0,0,0,1,74140,0,0,32,0,1371,0,0,0,0,0,0,0,0,0,0,0,0,0,1,0,0,0,0,0,0,0,OFF,0,0,0,0,0,0,321,60,6,75663,0,0,0,1,59,2,0,370,0,4,50,581,0,334,0,300,25935244,0,0,0,2,25858762,not started,not started,294,4816896,0,0,5,31704,1,31999,0,0,0,3403,295,0,8,11,0,0,0,8998912,487,13,167424,5,2,ON,0,1,3,6,0,0,2048,16384,0,294,5,0,0,0,0,0,0,1,1587,0,16,0,128,0,6695,3,16,3,9,5,0.000000,0,6,0,29,0,84,76,428,84,83,0,0,0,0,0,0,0,0,0,0,0,0,0,0,0,0,0,0,0,0,0,0,0,0,1,10468296,0,0,0,96,0,1,83757,76583,0,0,0,0,75693,0.000,,0,0,0,OFF,0,0,0,0,379,5,0,0,0,,,0,0,0,0,0,0,0,,,0,0,NONE,0,0,0,0,0,0,0,,185,0,177,83,0,0,0,0,0,6,6,1,618909,618909
2014-08-18 05:05:10,129,10,0,1,0,7,1846200,709499494,7173,0,0,0,0,0,0,0,0,0,0,0,1,0,0,5,0,0,0,1,0,0,0,0,0,0,0,0,0,0,0,0,0,0,0,0,0,0,0,0,0,0,0,3,0,0,0,1,0,2,0,0,0,2,1,0,0,0,0,0,0,0,0,0,0,0,0,0,0,0,0,0,0,0,0,0,0,0,98,614,0,0,0,0,0,0,0,0,0,8,0,19,0,0,0,0,1,47,0,6,7,22,0,0,1,1,0,6,13,0,0,0,0,1,74141,0,0,32,0,1372,0,0,0,0,0,0,0,0,0,0,0,0,0,1,0,0,0,0,0,0,0,OFF,0,0,0,0,0,0,321,60,6,75665,0,0,0,1,59,2,0,370,0,4,50,581,0,334,0,300,25936013,0,0,0,2,25859529,not started,not started,294,4816896,0,0,5,31704,1,31999,0,0,0,3403,295,0,8,11,0,0,0,8998912,487,13,167424,5,2,ON,0,1,3,6,0,0,2048,16384,0,294,5,0,0,0,0,0,0,1,1587,0,16,0,128,0,6695,3,16,3,9,5,0.000000,0,6,0,29,0,84,76,428,84,83,0,0,0,0,0,0,0,0,0,0,0,0,0,0,0,0,0,0,0,0,0,0,0,0,1,10468296,0,0,0,96,0,1,83759,76585,0,0,0,0,75695,0.000,,0,0,0,OFF,0,0,0,0,379,5,0,0,0,,,0,0,0,0,0,0,0,,,0,0,NONE,0,0,0,0,0,0,0,,185,0,177,83,0,0,0,0,0,6,6,1,618910,618910
2014-08-18 05:05:11,129,10,0,1,0,7,1846249,709522809,7173,0,0,0,0,0,0,0,0,0,0,0,1,0,0,5,0,0,0,1,0,0,0,0,0,0,0,0,0,0,0,0,0,0,0,0,0,0,0,0,0,0,0,3,0,0,0,1,0,2,0,0,0,2,1,0,0,0,0,0,0,0,0,0,0,0,0,0,0,0,0,0,0,0,0,0,0,0,98,614,0,0,0,0,0,0,0,0,0,8,0,19,0,0,0,0,1,47,0,6,7,22,0,0,1,1,0,6,13,0,0,0,0,1,74142,0,0,32,0,1373,0,0,0,0,0,0,0,0,0,0,0,0,0,1,0,0,0,0,0,0,0,OFF,0,0,0,0,0,0,321,60,6,75667,0,0,0,1,59,2,0,370,0,4,50,581,0,334,0,300,25936782,0,0,0,2,25860296,not started,not started,294,4816896,0,0,5,31704,1,31999,0,0,0,3403,295,0,8,11,0,0,0,8998912,487,13,167424,5,2,ON,0,1,3,6,0,0,2048,16384,0,294,5,0,0,0,0,0,0,1,1587,0,16,0,128,0,6695,3,16,3,9,5,0.000000,0,6,0,29,0,84,76,428,84,83,0,0,0,0,0,0,0,0,0,0,0,0,0,0,0,0,0,0,0,0,0,0,0,0,1,10468296,0,0,0,96,0,1,83761,76587,0,0,0,0,75697,0.000,,0,0,0,OFF,0,0,0,0,379,5,0,0,0,,,0,0,0,0,0,0,0,,,0,0,NONE,0,0,0,0,0,0,0,,185,0,177,83,0,0,0,0,0,6,6,1,618911,618911
2014-08-18 05:05:12,129,10,0,1,0,7,1846298,709546124,7173,0,0,0,0,0,0,0,0,0,0,0,1,0,0,5,0,0,0,1,0,0,0,0,0,0,0,0,0,0,0,0,0,0,0,0,0,0,0,0,0,0,0,3,0,0,0,1,0,2,0,0,0,2,1,0,0,0,0,0,0,0,0,0,0,0,0,0,0,0,0,0,0,0,0,0,0,0,98,614,0,0,0,0,0,0,0,0,0,8,0,19,0,0,0,0,1,47,0,6,7,22,0,0,1,1,0,6,13,0,0,0,0,1,74143,0,0,32,0,1374,0,0,0,0,0,0,0,0,0,0,0,0,0,1,0,0,0,0,0,0,0,OFF,0,0,0,0,0,0,321,60,6,75669,0,0,0,1,59,2,0,370,0,4,50,581,0,334,0,300,25937551,0,0,0,2,25861063,not started,not started,294,4816896,0,0,5,31704,1,31999,0,0,0,3403,295,0,8,11,0,0,0,8998912,487,13,167424,5,2,ON,0,1,3,6,0,0,2048,16384,0,294,5,0,0,0,0,0,0,1,1587,0,16,0,128,0,6695,3,16,3,9,5,0.000000,0,6,0,29,0,84,76,428,84,83,0,0,0,0,0,0,0,0,0,0,0,0,0,0,0,0,0,0,0,0,0,0,0,0,1,10468296,0,0,0,96,0,1,83763,76589,0,0,0,0,75699,0.000,,0,0,0,OFF,0,0,0,0,379,5,0,0,0,,,0,0,0,0,0,0,0,,,0,0,NONE,0,0,0,0,0,0,0,,185,0,177,83,0,0,0,0,0,6,6,1,618912,618912
2014-08-18 05:05:13,129,10,0,1,0,7,1846347,709569439,7173,0,0,0,0,0,0,0,0,0,0,0,1,0,0,5,0,0,0,1,0,0,0,0,0,0,0,0,0,0,0,0,0,0,0,0,0,0,0,0,0,0,0,3,0,0,0,1,0,2,0,0,0,2,1,0,0,0,0,0,0,0,0,0,0,0,0,0,0,0,0,0,0,0,0,0,0,0,98,614,0,0,0,0,0,0,0,0,0,8,0,19,0,0,0,0,1,47,0,6,7,22,0,0,1,1,0,6,13,0,0,0,0,1,74144,0,0,32,0,1375,0,0,0,0,0,0,0,0,0,0,0,0,0,1,0,0,0,0,0,0,0,OFF,0,0,0,0,0,0,321,60,6,75671,0,0,0,1,59,2,0,370,0,4,50,581,0,334,0,300,25938320,0,0,0,2,25861830,not started,not started,294,4816896,0,0,5,31704,1,31999,0,0,0,3403,295,0,8,11,0,0,0,8998912,487,13,167424,5,2,ON,0,1,3,6,0,0,2048,16384,0,294,5,0,0,0,0,0,0,1,1587,0,16,0,128,0,6695,3,16,3,9,5,0.000000,0,6,0,29,0,84,76,428,84,83,0,0,0,0,0,0,0,0,0,0,0,0,0,0,0,0,0,0,0,0,0,0,0,0,1,10468296,0,0,0,96,0,1,83765,76591,0,0,0,0,75701,0.000,,0,0,0,OFF,0,0,0,0,379,5,0,0,0,,,0,0,0,0,0,0,0,,,0,0,NONE,0,0,0,0,0,0,0,,185,0,177,83,0,0,0,0,0,6,6,1,618913,618913
2014-08-18 05:05:14,129,10,0,1,0,7,1846396,709592754,7173,0,0,0,0,0,0,0,0,0,0,0,1,0,0,5,0,0,0,1,0,0,0,0,0,0,0,0,0,0,0,0,0,0,0,0,0,0,0,0,0,0,0,3,0,0,0,1,0,2,0,0,0,2,1,0,0,0,0,0,0,0,0,0,0,0,0,0,0,0,0,0,0,0,0,0,0,0,98,614,0,0,0,0,0,0,0,0,0,8,0,19,0,0,0,0,1,47,0,6,7,22,0,0,1,1,0,6,13,0,0,0,0,1,74145,0,0,32,0,1376,0,0,0,0,0,0,0,0,0,0,0,0,0,1,0,0,0,0,0,0,0,OFF,0,0,0,0,0,0,321,60,6,75673,0,0,0,1,59,2,0,370,0,4,50,581,0,334,0,300,25939089,0,0,0,2,25862597,not started,not started,294,4816896,0,0,5,31704,1,31999,0,0,0,3403,295,0,8,11,0,0,0,8998912,487,13,167424,5,2,ON,0,1,3,6,0,0,2048,16384,0,294,5,0,0,0,0,0,0,1,1587,0,16,0,128,0,6695,3,16,3,9,5,0.000000,0,6,0,29,0,84,76,428,84,83,0,0,0,0,0,0,0,0,0,0,0,0,0,0,0,0,0,0,0,0,0,0,0,0,1,10468296,0,0,0,96,0,1,83767,76593,0,0,0,0,75703,0.000,,0,0,0,OFF,0,0,0,0,379,5,0,0,0,,,0,0,0,0,0,0,0,,,0,0,NONE,0,0,0,0,0,0,0,,185,0,177,83,0,0,0,0,0,6,6,1,618914,618914
2014-08-18 05:05:15,129,10,0,1,0,7,1846445,709616069,7173,0,0,0,0,0,0,0,0,0,0,0,1,0,0,5,0,0,0,1,0,0,0,0,0,0,0,0,0,0,0,0,0,0,0,0,0,0,0,0,0,0,0,3,0,0,0,1,0,2,0,0,0,2,1,0,0,0,0,0,0,0,0,0,0,0,0,0,0,0,0,0,0,0,0,0,0,0,98,614,0,0,0,0,0,0,0,0,0,8,0,19,0,0,0,0,1,47,0,6,7,22,0,0,1,1,0,6,13,0,0,0,0,1,74146,0,0,32,0,1377,0,0,0,0,0,0,0,0,0,0,0,0,0,1,0,0,0,0,0,0,0,OFF,0,0,0,0,0,0,321,60,6,75675,0,0,0,1,59,2,0,370,0,4,50,581,0,334,0,300,25939858,0,0,0,2,25863364,not started,not started,294,4816896,0,0,5,31704,1,31999,0,0,0,3403,295,0,8,11,0,0,0,8998912,487,13,167424,5,2,ON,0,1,3,6,0,0,2048,16384,0,294,5,0,0,0,0,0,0,1,1587,0,16,0,128,0,6695,3,16,3,9,5,0.000000,0,6,0,29,0,84,76,428,84,83,0,0,0,0,0,0,0,0,0,0,0,0,0,0,0,0,0,0,0,0,0,0,0,0,1,10468296,0,0,0,96,0,1,83769,76595,0,0,0,0,75705,0.000,,0,0,0,OFF,0,0,0,0,379,5,0,0,0,,,0,0,0,0,0,0,0,,,0,0,NONE,0,0,0,0,0,0,0,,185,0,177,83,0,0,0,0,0,6,6,1,618915,618915
2014-08-18 05:05:16,129,10,0,1,0,7,1846494,709639384,7173,0,0,0,0,0,0,0,0,0,0,0,1,0,0,5,0,0,0,1,0,0,0,0,0,0,0,0,0,0,0,0,0,0,0,0,0,0,0,0,0,0,0,3,0,0,0,1,0,2,0,0,0,2,1,0,0,0,0,0,0,0,0,0,0,0,0,0,0,0,0,0,0,0,0,0,0,0,98,614,0,0,0,0,0,0,0,0,0,8,0,19,0,0,0,0,1,47,0,6,7,22,0,0,1,1,0,6,13,0,0,0,0,1,74147,0,0,32,0,1378,0,0,0,0,0,0,0,0,0,0,0,0,0,1,0,0,0,0,0,0,0,OFF,0,0,0,0,0,0,321,60,6,75677,0,0,0,1,59,2,0,370,0,4,50,581,0,334,0,300,25940627,0,0,0,2,25864131,not started,not started,294,4816896,0,0,5,31704,1,31999,0,0,0,3403,295,0,8,11,0,0,0,8998912,487,13,167424,5,2,ON,0,1,3,6,0,0,2048,16384,0,294,5,0,0,0,0,0,0,1,1587,0,16,0,128,0,6695,3,16,3,9,5,0.000000,0,6,0,29,0,84,76,428,84,83,0,0,0,0,0,0,0,0,0,0,0,0,0,0,0,0,0,0,0,0,0,0,0,0,1,10468296,0,0,0,96,0,1,83771,76597,0,0,0,0,75707,0.000,,0,0,0,OFF,0,0,0,0,379,5,0,0,0,,,0,0,0,0,0,0,0,,,0,0,NONE,0,0,0,0,0,0,0,,185,0,177,83,0,0,0,0,0,6,6,1,618916,618916
2014-08-18 05:05:17,129,10,0,1,0,7,1846543,709662699,7173,0,0,0,0,0,0,0,0,0,0,0,1,0,0,5,0,0,0,1,0,0,0,0,0,0,0,0,0,0,0,0,0,0,0,0,0,0,0,0,0,0,0,3,0,0,0,1,0,2,0,0,0,2,1,0,0,0,0,0,0,0,0,0,0,0,0,0,0,0,0,0,0,0,0,0,0,0,98,614,0,0,0,0,0,0,0,0,0,8,0,19,0,0,0,0,1,47,0,6,7,22,0,0,1,1,0,6,13,0,0,0,0,1,74148,0,0,32,0,1379,0,0,0,0,0,0,0,0,0,0,0,0,0,1,0,0,0,0,0,0,0,OFF,0,0,0,0,0,0,321,60,6,75679,0,0,0,1,59,2,0,370,0,4,50,581,0,334,0,300,25941396,0,0,0,2,25864898,not started,not started,294,4816896,0,0,5,31704,1,31999,0,0,0,3403,295,0,8,11,0,0,0,8998912,487,13,167424,5,2,ON,0,1,3,6,0,0,2048,16384,0,294,5,0,0,0,0,0,0,1,1587,0,16,0,128,0,6695,3,16,3,9,5,0.000000,0,6,0,29,0,84,76,428,84,83,0,0,0,0,0,0,0,0,0,0,0,0,0,0,0,0,0,0,0,0,0,0,0,0,1,10468296,0,0,0,96,0,1,83773,76599,0,0,0,0,75709,0.000,,0,0,0,OFF,0,0,0,0,379,5,0,0,0,,,0,0,0,0,0,0,0,,,0,0,NONE,0,0,0,0,0,0,0,,185,0,177,83,0,0,0,0,0,6,6,1,618917,618917
2014-08-18 05:05:18,129,10,0,1,0,7,1846592,709686014,7173,0,0,0,0,0,0,0,0,0,0,0,1,0,0,5,0,0,0,1,0,0,0,0,0,0,0,0,0,0,0,0,0,0,0,0,0,0,0,0,0,0,0,3,0,0,0,1,0,2,0,0,0,2,1,0,0,0,0,0,0,0,0,0,0,0,0,0,0,0,0,0,0,0,0,0,0,0,98,614,0,0,0,0,0,0,0,0,0,8,0,19,0,0,0,0,1,47,0,6,7,22,0,0,1,1,0,6,13,0,0,0,0,1,74149,0,0,32,0,1380,0,0,0,0,0,0,0,0,0,0,0,0,0,1,0,0,0,0,0,0,0,OFF,0,0,0,0,0,0,321,60,6,75681,0,0,0,1,59,2,0,370,0,4,50,581,0,334,0,300,25942165,0,0,0,2,25865665,not started,not started,294,4816896,0,0,5,31704,1,31999,0,0,0,3403,295,0,8,11,0,0,0,8998912,487,13,167424,5,2,ON,0,1,3,6,0,0,2048,16384,0,294,5,0,0,0,0,0,0,1,1587,0,16,0,128,0,6695,3,16,3,9,5,0.000000,0,6,0,29,0,84,76,428,84,83,0,0,0,0,0,0,0,0,0,0,0,0,0,0,0,0,0,0,0,0,0,0,0,0,1,10468296,0,0,0,96,0,1,83775,76601,0,0,0,0,75711,0.000,,0,0,0,OFF,0,0,0,0,379,5,0,0,0,,,0,0,0,0,0,0,0,,,0,0,NONE,0,0,0,0,0,0,0,,185,0,177,83,0,0,0,0,0,6,6,1,618918,618918
2014-08-18 05:05:19,129,10,0,1,0,7,1846641,709709329,7173,0,0,0,0,0,0,0,0,0,0,0,1,0,0,5,0,0,0,1,0,0,0,0,0,0,0,0,0,0,0,0,0,0,0,0,0,0,0,0,0,0,0,3,0,0,0,1,0,2,0,0,0,2,1,0,0,0,0,0,0,0,0,0,0,0,0,0,0,0,0,0,0,0,0,0,0,0,98,614,0,0,0,0,0,0,0,0,0,8,0,19,0,0,0,0,1,47,0,6,7,22,0,0,1,1,0,6,13,0,0,0,0,1,74150,0,0,32,0,1381,0,0,0,0,0,0,0,0,0,0,0,0,0,1,0,0,0,0,0,0,0,OFF,0,0,0,0,0,0,321,60,6,75683,0,0,0,1,59,2,0,370,0,4,50,581,0,334,0,300,25942934,0,0,0,2,25866432,not started,not started,294,4816896,0,0,5,31704,1,31999,0,0,0,3403,295,0,8,11,0,0,0,8998912,487,13,167424,5,2,ON,0,1,3,6,0,0,2048,16384,0,294,5,0,0,0,0,0,0,1,1587,0,16,0,128,0,6695,3,16,3,9,5,0.000000,0,6,0,29,0,84,76,428,84,83,0,0,0,0,0,0,0,0,0,0,0,0,0,0,0,0,0,0,0,0,0,0,0,0,1,10468296,0,0,0,96,0,1,83777,76603,0,0,0,0,75713,0.000,,0,0,0,OFF,0,0,0,0,379,5,0,0,0,,,0,0,0,0,0,0,0,,,0,0,NONE,0,0,0,0,0,0,0,,185,0,177,83,0,0,0,0,0,6,6,1,618919,618919
2014-08-18 05:05:20,129,10,0,1,0,7,1846690,709732644,7173,0,0,0,0,0,0,0,0,0,0,0,1,0,0,5,0,0,0,1,0,0,0,0,0,0,0,0,0,0,0,0,0,0,0,0,0,0,0,0,0,0,0,3,0,0,0,1,0,2,0,0,0,2,1,0,0,0,0,0,0,0,0,0,0,0,0,0,0,0,0,0,0,0,0,0,0,0,98,614,0,0,0,0,0,0,0,0,0,8,0,19,0,0,0,0,1,47,0,6,7,22,0,0,1,1,0,6,13,0,0,0,0,1,74151,0,0,32,0,1382,0,0,0,0,0,0,0,0,0,0,0,0,0,1,0,0,0,0,0,0,0,OFF,0,0,0,0,0,0,321,60,6,75685,0,0,0,1,59,2,0,370,0,4,50,581,0,334,0,300,25943703,0,0,0,2,25867199,not started,not started,294,4816896,0,0,5,31704,1,31999,0,0,0,3403,295,0,8,11,0,0,0,8998912,487,13,167424,5,2,ON,0,1,3,6,0,0,2048,16384,0,294,5,0,0,0,0,0,0,1,1587,0,16,0,128,0,6695,3,16,3,9,5,0.000000,0,6,0,29,0,84,76,428,84,83,0,0,0,0,0,0,0,0,0,0,0,0,0,0,0,0,0,0,0,0,0,0,0,0,1,10468296,0,0,0,96,0,1,83779,76605,0,0,0,0,75715,0.000,,0,0,0,OFF,0,0,0,0,379,5,0,0,0,,,0,0,0,0,0,0,0,,,0,0,NONE,0,0,0,0,0,0,0,,185,0,177,83,0,0,0,0,0,6,6,1,618920,618920
2014-08-18 05:05:21,129,10,0,1,0,7,1846739,709755959,7173,0,0,0,0,0,0,0,0,0,0,0,1,0,0,5,0,0,0,1,0,0,0,0,0,0,0,0,0,0,0,0,0,0,0,0,0,0,0,0,0,0,0,3,0,0,0,1,0,2,0,0,0,2,1,0,0,0,0,0,0,0,0,0,0,0,0,0,0,0,0,0,0,0,0,0,0,0,98,614,0,0,0,0,0,0,0,0,0,8,0,19,0,0,0,0,1,47,0,6,7,22,0,0,1,1,0,6,13,0,0,0,0,1,74152,0,0,32,0,1383,0,0,0,0,0,0,0,0,0,0,0,0,0,1,0,0,0,0,0,0,0,OFF,0,0,0,0,0,0,321,60,6,75687,0,0,0,1,59,2,0,370,0,4,50,581,0,334,0,300,25944472,0,0,0,2,25867966,not started,not started,294,4816896,0,0,5,31704,1,31999,0,0,0,3403,295,0,8,11,0,0,0,8998912,487,13,167424,5,2,ON,0,1,3,6,0,0,2048,16384,0,294,5,0,0,0,0,0,0,1,1587,0,16,0,128,0,6695,3,16,3,9,5,0.000000,0,6,0,29,0,84,76,428,84,83,0,0,0,0,0,0,0,0,0,0,0,0,0,0,0,0,0,0,0,0,0,0,0,0,1,10468296,0,0,0,96,0,1,83781,76607,0,0,0,0,75717,0.000,,0,0,0,OFF,0,0,0,0,379,5,0,0,0,,,0,0,0,0,0,0,0,,,0,0,NONE,0,0,0,0,0,0,0,,185,0,177,83,0,0,0,0,0,6,6,1,618921,618921
2014-08-18 05:05:22,129,10,0,1,0,7,1846788,709779274,7173,0,0,0,0,0,0,0,0,0,0,0,1,0,0,5,0,0,0,1,0,0,0,0,0,0,0,0,0,0,0,0,0,0,0,0,0,0,0,0,0,0,0,3,0,0,0,1,0,2,0,0,0,2,1,0,0,0,0,0,0,0,0,0,0,0,0,0,0,0,0,0,0,0,0,0,0,0,98,614,0,0,0,0,0,0,0,0,0,8,0,19,0,0,0,0,1,47,0,6,7,22,0,0,1,1,0,6,13,0,0,0,0,1,74153,0,0,32,0,1384,0,0,0,0,0,0,0,0,0,0,0,0,0,1,0,0,0,0,0,0,0,OFF,0,0,0,0,0,0,321,60,6,75689,0,0,0,1,59,2,0,370,0,4,50,581,0,334,0,300,25945241,0,0,0,2,25868733,not started,not started,294,4816896,0,0,5,31704,1,31999,0,0,0,3403,295,0,8,11,0,0,0,8998912,487,13,167424,5,2,ON,0,1,3,6,0,0,2048,16384,0,294,5,0,0,0,0,0,0,1,1587,0,16,0,128,0,6695,3,16,3,9,5,0.000000,0,6,0,29,0,84,76,428,84,83,0,0,0,0,0,0,0,0,0,0,0,0,0,0,0,0,0,0,0,0,0,0,0,0,1,10468296,0,0,0,96,0,1,83783,76609,0,0,0,0,75719,0.000,,0,0,0,OFF,0,0,0,0,379,5,0,0,0,,,0,0,0,0,0,0,0,,,0,0,NONE,0,0,0,0,0,0,0,,185,0,177,83,0,0,0,0,0,6,6,1,618922,618922
2014-08-18 05:05:23,129,10,0,1,0,7,1846837,709802589,7173,0,0,0,0,0,0,0,0,0,0,0,1,0,0,5,0,0,0,1,0,0,0,0,0,0,0,0,0,0,0,0,0,0,0,0,0,0,0,0,0,0,0,3,0,0,0,1,0,2,0,0,0,2,1,0,0,0,0,0,0,0,0,0,0,0,0,0,0,0,0,0,0,0,0,0,0,0,98,614,0,0,0,0,0,0,0,0,0,8,0,19,0,0,0,0,1,47,0,6,7,22,0,0,1,1,0,6,13,0,0,0,0,1,74154,0,0,32,0,1385,0,0,0,0,0,0,0,0,0,0,0,0,0,1,0,0,0,0,0,0,0,OFF,0,0,0,0,0,0,321,60,6,75691,0,0,0,1,59,2,0,370,0,4,50,581,0,334,0,300,25946010,0,0,0,2,25869500,not started,not started,294,4816896,0,0,5,31704,1,31999,0,0,0,3403,295,0,8,11,0,0,0,8998912,487,13,167424,5,2,ON,0,1,3,6,0,0,2048,16384,0,294,5,0,0,0,0,0,0,1,1587,0,16,0,128,0,6695,3,16,3,9,5,0.000000,0,6,0,29,0,84,76,428,84,83,0,0,0,0,0,0,0,0,0,0,0,0,0,0,0,0,0,0,0,0,0,0,0,0,1,10468296,0,0,0,96,0,1,83785,76611,0,0,0,0,75721,0.000,,0,0,0,OFF,0,0,0,0,379,5,0,0,0,,,0,0,0,0,0,0,0,,,0,0,NONE,0,0,0,0,0,0,0,,185,0,177,83,0,0,0,0,0,6,6,1,618923,618923
2014-08-18 05:05:24,129,10,0,1,0,7,1846886,709825904,7173,0,0,0,0,0,0,0,0,0,0,0,1,0,0,5,0,0,0,1,0,0,0,0,0,0,0,0,0,0,0,0,0,0,0,0,0,0,0,0,0,0,0,3,0,0,0,1,0,2,0,0,0,2,1,0,0,0,0,0,0,0,0,0,0,0,0,0,0,0,0,0,0,0,0,0,0,0,98,614,0,0,0,0,0,0,0,0,0,8,0,19,0,0,0,0,1,47,0,6,7,22,0,0,1,1,0,6,13,0,0,0,0,1,74155,0,0,32,0,1386,0,0,0,0,0,0,0,0,0,0,0,0,0,1,0,0,0,0,0,0,0,OFF,0,0,0,0,0,0,321,60,6,75693,0,0,0,1,59,2,0,370,0,4,50,581,0,334,0,300,25946779,0,0,0,2,25870267,not started,not started,294,4816896,0,0,5,31704,1,31999,0,0,0,3403,295,0,8,11,0,0,0,8998912,487,13,167424,5,2,ON,0,1,3,6,0,0,2048,16384,0,294,5,0,0,0,0,0,0,1,1587,0,16,0,128,0,6695,3,16,3,9,5,0.000000,0,6,0,29,0,84,76,428,84,83,0,0,0,0,0,0,0,0,0,0,0,0,0,0,0,0,0,0,0,0,0,0,0,0,1,10468296,0,0,0,96,0,1,83787,76613,0,0,0,0,75723,0.000,,0,0,0,OFF,0,0,0,0,379,5,0,0,0,,,0,0,0,0,0,0,0,,,0,0,NONE,0,0,0,0,0,0,0,,185,0,177,83,0,0,0,0,0,6,6,1,618924,618924
2014-08-18 05:05:25,129,10,0,1,0,7,1846935,709849219,7173,0,0,0,0,0,0,0,0,0,0,0,1,0,0,5,0,0,0,1,0,0,0,0,0,0,0,0,0,0,0,0,0,0,0,0,0,0,0,0,0,0,0,3,0,0,0,1,0,2,0,0,0,2,1,0,0,0,0,0,0,0,0,0,0,0,0,0,0,0,0,0,0,0,0,0,0,0,98,614,0,0,0,0,0,0,0,0,0,8,0,19,0,0,0,0,1,47,0,6,7,22,0,0,1,1,0,6,13,0,0,0,0,1,74156,0,0,32,0,1387,0,0,0,0,0,0,0,0,0,0,0,0,0,1,0,0,0,0,0,0,0,OFF,0,0,0,0,0,0,321,60,6,75695,0,0,0,1,59,2,0,370,0,4,50,581,0,334,0,300,25947548,0,0,0,2,25871034,not started,not started,294,4816896,0,0,5,31704,1,31999,0,0,0,3403,295,0,8,11,0,0,0,8998912,487,13,167424,5,2,ON,0,1,3,6,0,0,2048,16384,0,294,5,0,0,0,0,0,0,1,1587,0,16,0,128,0,6695,3,16,3,9,5,0.000000,0,6,0,29,0,84,76,428,84,83,0,0,0,0,0,0,0,0,0,0,0,0,0,0,0,0,0,0,0,0,0,0,0,0,1,10468296,0,0,0,96,0,1,83789,76615,0,0,0,0,75725,0.000,,0,0,0,OFF,0,0,0,0,379,5,0,0,0,,,0,0,0,0,0,0,0,,,0,0,NONE,0,0,0,0,0,0,0,,185,0,177,83,0,0,0,0,0,6,6,1,618925,618925
